farmer_id,crop_site_id,village_id,block_id,district_id,state_id,latitude,longitude,CCE_yield,la_median_damdue,la_median_damnotdue,la_median_damtot,med_damnotdue,med_damdue,med_damtot,ins_cat_loss1,ins_cat_loss2,ins_cat_loss3,ins_cat_loss4,numpics,WBI_payout,PBI_payout,jc_damnotdue_orig,jc_damdue_orig,jc_damtot_orig,damnotdue_orig1,damdue_orig1,damtot_orig1,damnotdue_orig2,damdue_orig2,damtot_orig2,damnotdue_orig3,damdue_orig3,damtot_orig3,damnotdue_orig4,damdue_orig4,damtot_orig4,damnotdue_orig5,damdue_orig5,damtot_orig5,damnotdue_orig6,damdue_orig6,damtot_orig6,damnotdue_orig7,damdue_orig7,damtot_orig7
105803.0,1,1058.0,1.0,Fategharh,Punjab,30.6,76.3,21.40789,5.0,7.0,10.0,7.0,5.0,10.0,1.0,0.0,0.0,0.0,59,0.0,0.0,,,,0.0,5.0,5.0,7.0,6.0,13.0,,,,,,,,,,10.0,0.0,10.0,,,
105818.0,1,1058.0,1.0,Fategharh,Punjab,30.6,76.3,21.751873,0.0,5.0,5.0,5.0,0.0,5.0,1.0,0.0,0.0,0.0,2,0.0,0.0,,,,5.0,0.0,5.0,5.0,4.0,9.0,0.0,0.0,0.0,5.0,0.0,5.0,5.0,0.0,5.0,,,,,,
105820.0,1,1058.0,1.0,Fategharh,Punjab,30.6,76.3,24.260925,0.0,7.0,7.0,7.0,0.0,7.0,1.0,0.0,0.0,0.0,42,0.0,0.0,,,,25.0,0.0,25.0,9.0,8.0,17.0,2.0,0.0,2.0,7.0,0.0,7.0,5.0,0.0,5.0,,,,,,
105821.0,3,1058.0,1.0,Fategharh,Punjab,30.6,76.3,20.295002,0.0,5.5,5.5,2.5,0.0,2.5,1.0,0.0,0.0,0.0,103,0.0,0.0,0.0,0.0,0.0,0.0,0.0,0.0,8.0,5.0,13.0,,,,6.0,0.0,6.0,5.0,0.0,5.0,,,,,,
105830.0,1,1058.0,1.0,Fategharh,Punjab,30.6,76.3,20.740158,2.5,5.0,10.0,5.0,2.5,10.0,1.0,0.0,0.0,0.0,6,0.0,0.0,,,,0.0,0.0,0.0,5.0,8.0,13.0,5.0,5.0,10.0,,,,,,,10.0,0.0,10.0,,,
105837.0,1,1058.0,1.0,Fategharh,Punjab,30.6,76.3,21.428123,0.0,5.0,5.0,5.0,0.0,5.0,1.0,0.0,0.0,0.0,41,0.0,0.0,,,,0.0,0.0,0.0,5.0,4.0,9.0,5.0,0.0,5.0,0.0,0.0,0.0,5.0,0.0,5.0,,,,,,
112401.0,1,1124.0,1.0,Fategharh,Punjab,30.6,76.3,20.274769,0.0,10.0,14.0,10.0,0.0,14.0,1.0,0.0,0.0,0.0,43,0.0,0.0,,,,10.0,0.0,10.0,6.0,8.0,14.0,,,,,,,,,,20.0,0.0,20.0,,,
112404.0,1,1124.0,1.0,Fategharh,Punjab,30.6,76.3,24.240692,0.0,0.0,0.0,0.0,0.0,0.0,1.0,0.0,0.0,0.0,16,0.0,0.0,,,,0.0,0.0,0.0,8.0,5.0,13.0,0.0,0.0,0.0,,,,,,,0.0,0.0,0.0,,,
112405.0,1,1124.0,1.0,Fategharh,Punjab,30.6,76.3,22.338667,0.0,8.0,13.0,8.0,0.0,13.0,1.0,0.0,0.0,0.0,46,0.0,0.0,,,,5.0,0.0,5.0,8.0,5.0,13.0,,,,,,,,,,15.0,0.0,15.0,,,
112408.0,1,1124.0,1.0,Fategharh,Punjab,30.6,76.3,22.460073,0.0,0.0,0.0,0.0,0.0,0.0,1.0,0.0,0.0,0.0,25,0.0,0.0,,,,0.0,0.0,0.0,,,,,,,,,,0.0,0.0,0.0,0.0,0.0,0.0,,,
112410.0,1,1124.0,1.0,Fategharh,Punjab,30.6,76.3,21.286484,0.0,0.0,1.5,0.0,0.0,1.5,1.0,0.0,0.0,0.0,5,0.0,0.0,,,,0.0,0.0,0.0,4.0,0.0,4.0,0.0,3.0,3.0,0.0,0.0,0.0,,,,,,,,,
112414.0,1,1124.0,1.0,Fategharh,Punjab,30.6,76.3,22.642181,0.0,4.0,6.0,4.0,0.0,6.0,1.0,0.0,0.0,0.0,18,0.0,0.0,,,,0.0,0.0,0.0,3.0,4.0,7.0,,,,5.0,0.0,5.0,12.0,0.0,12.0,,,,,,
112418.0,1,1124.0,1.0,Fategharh,Punjab,30.6,76.3,20.355705,5.0,0.0,5.0,0.0,5.0,5.0,1.0,0.0,0.0,0.0,3,0.0,0.0,,,,0.0,0.0,0.0,,,,0.0,5.0,5.0,,,,,,,0.0,10.0,10.0,,,
114304.0,1,1143.0,16.0,Fategharh,Punjab,30.900000000000002,76.3,21.69117,0.0,0.0,0.0,0.0,0.0,0.0,1.0,0.0,0.0,0.0,41,0.0,0.0,,,,0.0,0.0,0.0,,,,,,,,,,0.0,0.0,0.0,5.0,5.0,10.0,,,
114306.0,1,1143.0,16.0,Fategharh,Punjab,30.900000000000002,76.3,22.763588,0.0,15.0,15.0,13.0,0.0,16.0,1.0,0.0,0.0,0.0,25,0.0,0.0,15.0,0.0,15.0,25.0,0.0,25.0,6.0,6.0,12.0,20.0,0.0,20.0,2.0,0.0,2.0,,,,,,,,,
114308.0,1,1143.0,16.0,Fategharh,Punjab,30.900000000000002,76.3,22.743355,5.0,3.0,10.0,3.0,5.0,10.0,1.0,0.0,0.0,0.0,32,0.0,0.0,,,,,,,3.0,2.0,5.0,5.0,5.0,10.0,2.0,10.0,12.0,,,,,,,,,
114310.0,1,1143.0,16.0,Fategharh,Punjab,30.900000000000002,76.3,20.962734,5.0,5.0,10.0,5.0,5.0,10.0,1.0,0.0,0.0,0.0,21,0.0,0.0,,,,0.0,0.0,0.0,,,,5.0,5.0,10.0,,,,,,,5.0,5.0,10.0,,,
114315.0,1,1143.0,16.0,Fategharh,Punjab,30.900000000000002,76.3,21.40789,0.0,3.0,7.0,3.0,0.0,7.0,1.0,0.0,0.0,0.0,35,0.0,0.0,,,,0.0,0.0,0.0,3.0,4.0,7.0,,,,,,,,,,10.0,0.0,10.0,,,
114318.0,1,1143.0,16.0,Fategharh,Punjab,30.900000000000002,76.3,22.804056,2.0,0.0,5.0,0.0,2.0,5.0,1.0,0.0,0.0,0.0,5,0.0,0.0,,,,0.0,0.0,0.0,3.0,2.0,5.0,,,,,,,,,,0.0,5.0,5.0,,,
114320.0,1,1143.0,16.0,Fategharh,Punjab,30.900000000000002,76.3,22.864758,5.0,0.0,5.0,0.0,5.0,5.0,1.0,0.0,0.0,0.0,19,0.0,0.0,,,,0.0,0.0,0.0,,,,5.0,5.0,10.0,,,,,,,0.0,5.0,5.0,,,
114321.0,1,1143.0,16.0,Fategharh,Punjab,30.900000000000002,76.3,21.83281,0.0,2.5,3.5,2.5,0.0,3.5,1.0,0.0,0.0,0.0,28,0.0,0.0,,,,0.0,0.0,0.0,3.0,5.0,8.0,,,,2.0,0.0,2.0,5.0,0.0,5.0,,,,,,
114322.0,1,1143.0,16.0,Fategharh,Punjab,30.900000000000002,76.3,,0.0,0.0,0.0,0.0,0.0,0.0,1.0,0.0,0.0,0.0,5,0.0,0.0,,,,0.0,0.0,0.0,,,,,,,,,,0.0,0.0,0.0,0.0,5.0,5.0,,,
114323.0,1,1143.0,16.0,Fategharh,Punjab,30.900000000000002,76.3,24.220457,0.0,7.5,7.5,7.5,0.0,7.5,1.0,0.0,0.0,0.0,19,0.0,0.0,,,,0.0,0.0,0.0,,,,10.0,0.0,10.0,,,,12.0,0.0,12.0,,,,5.0,0.0,5.0
114327.0,1,1143.0,16.0,Fategharh,Punjab,30.900000000000002,76.3,20.254534,0.0,3.0,5.5,3.0,0.0,5.5,1.0,0.0,0.0,0.0,21,0.0,0.0,,,,0.0,0.0,0.0,,,,5.0,5.0,10.0,1.0,0.0,1.0,10.0,0.0,10.0,,,,,,
117901.0,1,1179.0,3.0,Fategharh,Punjab,30.700000000000003,76.4,17.421732,0.0,10.0,10.0,15.0,0.0,15.0,1.0,0.0,0.0,0.0,51,0.0,0.0,10.0,0.0,10.0,10.0,0.0,10.0,,,,20.0,5.0,25.0,15.0,0.0,15.0,15.0,0.0,15.0,,,,,,
117912.0,1,1179.0,3.0,Fategharh,Punjab,30.700000000000003,76.4,22.318432,0.0,7.5,7.5,7.5,0.0,7.5,1.0,0.0,0.0,0.0,9,0.0,0.0,,,,5.0,0.0,5.0,,,,10.0,5.0,15.0,3.0,0.0,3.0,10.0,0.0,10.0,,,,,,
117915.0,1,1179.0,3.0,Fategharh,Punjab,30.700000000000003,76.4,23.653896,0.0,20.0,20.0,20.0,0.0,20.0,0.0,1.0,0.0,0.0,53,0.0,3900.0,,,,20.0,0.0,20.0,,,,,,,,,,20.0,0.0,20.0,30.0,0.0,30.0,,,
117916.0,1,1179.0,3.0,Fategharh,Punjab,30.700000000000003,76.4,21.853045,0.0,10.0,10.0,10.0,0.0,10.0,1.0,0.0,0.0,0.0,15,0.0,0.0,,,,0.0,0.0,0.0,,,,10.0,5.0,15.0,,,,,,,10.0,0.0,10.0,,,
117920.0,1,1179.0,3.0,Fategharh,Punjab,30.700000000000003,76.4,22.824291,0.0,4.0,5.0,4.0,0.0,5.0,1.0,0.0,0.0,0.0,9,0.0,0.0,,,,0.0,0.0,0.0,4.0,6.0,10.0,,,,,,,,,,5.0,0.0,5.0,,,
117922.0,1,1179.0,3.0,Fategharh,Punjab,30.700000000000003,76.4,15.76252,0.0,8.0,9.5,8.0,0.0,9.5,1.0,0.0,0.0,0.0,18,0.0,0.0,,,,0.0,0.0,0.0,4.0,3.0,7.0,,,,12.0,0.0,12.0,15.0,0.0,15.0,,,,,,
117924.0,1,1179.0,3.0,Fategharh,Punjab,30.700000000000003,76.4,18.06923,4.0,4.0,8.0,4.0,4.0,8.0,1.0,0.0,0.0,0.0,19,0.0,0.0,,,,0.0,0.0,0.0,3.0,5.0,8.0,5.0,5.0,10.0,5.0,3.0,8.0,,,,,,,,,
117930.0,1,1179.0,3.0,Fategharh,Punjab,30.700000000000003,76.4,22.176792,0.0,10.0,10.0,10.0,0.0,20.0,1.0,0.0,0.0,0.0,34,0.0,0.0,10.0,0.0,10.0,5.0,0.0,5.0,,,,10.0,10.0,20.0,,,,,,,20.0,0.0,20.0,,,
125901.0,1,1259.0,3.0,Fategharh,Punjab,30.700000000000003,76.4,22.96593,5.0,2.0,5.0,2.0,5.0,5.0,1.0,0.0,0.0,0.0,34,0.0,0.0,,,,,,,2.0,5.0,7.0,,,,,,,,,,5.0,0.0,5.0,0.0,5.0,5.0
125902.0,1,1259.0,3.0,Fategharh,Punjab,30.700000000000003,76.4,23.795536,0.0,0.0,0.0,0.0,0.0,0.0,1.0,0.0,0.0,0.0,47,0.0,0.0,,,,,,,,,,,,,,,,0.0,0.0,0.0,2.0,0.0,2.0,0.0,0.0,0.0
125903.0,1,1259.0,3.0,Fategharh,Punjab,30.700000000000003,76.4,14.366353,5.0,10.0,14.0,10.0,5.0,14.0,1.0,0.0,0.0,0.0,12,0.0,0.0,,,,,,,8.0,6.0,14.0,10.0,5.0,15.0,10.0,0.0,10.0,,,,,,,,,
125904.0,1,1259.0,3.0,Fategharh,Punjab,30.700000000000003,76.4,20.396175,0.0,5.0,5.0,5.0,0.0,5.0,1.0,0.0,0.0,0.0,29,0.0,0.0,,,,,,,,,,10.0,10.0,20.0,,,,,,,5.0,0.0,5.0,0.0,0.0,0.0
125913.0,1,1259.0,3.0,Fategharh,Punjab,30.700000000000003,76.4,20.922266,3.0,5.0,8.0,5.0,3.0,8.0,1.0,0.0,0.0,0.0,18,0.0,0.0,,,,,,,8.0,5.0,13.0,5.0,0.0,5.0,5.0,3.0,8.0,,,,,,,,,
125914.0,2,1259.0,3.0,Fategharh,Punjab,30.700000000000003,76.4,20.51758,0.0,10.0,13.0,10.0,0.0,13.0,1.0,0.0,0.0,0.0,3,0.0,0.0,,,,,,,8.0,5.0,13.0,15.0,0.0,15.0,10.0,0.0,10.0,,,,,,,,,
125916.0,1,1259.0,3.0,Fategharh,Punjab,30.700000000000003,76.4,22.581478,5.0,0.0,5.0,0.0,5.0,5.0,1.0,0.0,0.0,0.0,6,0.0,0.0,,,,,,,6.0,8.0,14.0,,,,0.0,0.0,0.0,0.0,5.0,5.0,,,,,,
125920.0,1,1259.0,3.0,Fategharh,Punjab,30.700000000000003,76.4,20.881798,0.0,6.0,10.0,6.0,0.0,10.0,1.0,0.0,0.0,0.0,23,0.0,0.0,,,,,,,6.0,5.0,11.0,,,,,,,,,,0.0,0.0,0.0,10.0,0.0,10.0
125925.0,1,1259.0,3.0,Fategharh,Punjab,30.700000000000003,76.4,22.237495,0.0,0.0,0.0,0.0,0.0,0.0,1.0,0.0,0.0,0.0,22,0.0,0.0,,,,,,,,,,,,,,,,0.0,0.0,0.0,5.0,0.0,5.0,0.0,0.0,0.0
125929.0,1,1259.0,3.0,Fategharh,Punjab,30.700000000000003,76.4,23.53249,0.0,5.0,5.0,5.0,0.0,5.0,1.0,0.0,0.0,0.0,11,0.0,0.0,,,,,,,,,,5.0,5.0,10.0,,,,,,,2.0,0.0,2.0,5.0,0.0,5.0
125932.0,1,1259.0,3.0,Fategharh,Punjab,30.700000000000003,76.4,21.933983,0.0,10.0,10.0,10.0,5.0,10.0,1.0,0.0,0.0,0.0,25,0.0,0.0,10.0,0.0,10.0,,,,,,,,,,,,,10.0,0.0,10.0,20.0,10.0,30.0,5.0,5.0,10.0
126606.0,1,1266.0,3.0,Fategharh,Punjab,30.700000000000003,76.5,9.935041,10.0,10.0,20.0,8.0,15.0,25.0,1.0,0.0,0.0,0.0,34,0.0,0.0,10.0,10.0,20.0,,,,8.0,6.0,14.0,,,,10.0,15.0,25.0,0.0,30.0,30.0,,,,,,
126607.0,1,1266.0,3.0,Fategharh,Punjab,30.700000000000003,76.5,18.190636,3.0,4.0,7.0,4.0,3.0,7.0,1.0,0.0,0.0,0.0,24,0.0,0.0,,,,,,,4.0,3.0,7.0,5.0,5.0,10.0,0.0,0.0,0.0,,,,,,,,,
126611.0,1,1266.0,3.0,Fategharh,Punjab,30.700000000000003,76.5,23.95741,0.0,0.0,0.0,0.0,0.0,0.0,1.0,0.0,0.0,0.0,4,0.0,0.0,,,,,,,4.0,2.0,6.0,,,,0.0,0.0,0.0,0.0,0.0,0.0,,,,,,
126631.0,1,1266.0,3.0,Fategharh,Punjab,30.700000000000003,76.5,21.529295,10.0,5.0,10.0,5.0,10.0,10.0,1.0,0.0,0.0,0.0,12,0.0,0.0,,,,,,,,,,,,,,,,0.0,10.0,10.0,5.0,10.0,15.0,5.0,5.0,10.0
126633.0,1,1266.0,3.0,Fategharh,Punjab,30.700000000000003,76.5,16.389782,10.0,5.0,15.0,5.0,10.0,15.0,1.0,0.0,0.0,0.0,7,0.0,0.0,,,,,,,,,,0.0,10.0,10.0,,,,,,,5.0,10.0,15.0,10.0,15.0,25.0
128907.0,1,1289.0,34.0,Fategharh,Punjab,30.5,76.5,21.347187,0.0,20.0,20.0,20.0,0.0,20.0,0.0,1.0,0.0,0.0,9,0.0,3900.0,,,,,,,,,,,,,,,,5.0,0.0,5.0,20.0,0.0,20.0,20.0,0.0,20.0
128908.0,1,1289.0,34.0,Fategharh,Punjab,30.5,76.5,18.048996,0.0,0.0,0.0,0.0,0.0,0.0,1.0,0.0,0.0,0.0,36,0.0,0.0,,,,,,,5.0,0.0,5.0,,,,0.0,0.0,0.0,0.0,0.0,0.0,,,,,,
128914.0,1,1289.0,34.0,Fategharh,Punjab,30.5,76.5,,0.0,0.0,0.0,0.0,0.0,0.0,1.0,0.0,0.0,0.0,10,0.0,0.0,,,,,,,,,,0.0,5.0,5.0,0.0,0.0,0.0,0.0,0.0,0.0,,,,,,
128921.0,1,1289.0,34.0,Fategharh,Punjab,30.5,76.5,22.277966,0.0,0.0,0.0,0.0,0.0,0.0,1.0,0.0,0.0,0.0,3,0.0,0.0,,,,,,,5.0,0.0,5.0,,,,0.0,0.0,0.0,0.0,0.0,0.0,,,,,,
128926.0,1,1289.0,34.0,Fategharh,Punjab,30.5,76.5,22.783821,0.0,10.0,12.0,10.0,0.0,12.0,1.0,0.0,0.0,0.0,27,0.0,0.0,,,,,,,8.0,4.0,12.0,,,,,,,,,,10.0,0.0,10.0,15.0,0.0,15.0
128929.0,1,1289.0,34.0,Fategharh,Punjab,30.5,76.5,20.800861,0.0,12.0,12.0,12.0,0.0,12.0,1.0,0.0,0.0,0.0,23,0.0,0.0,,,,,,,,,,15.0,0.0,15.0,12.0,0.0,12.0,10.0,0.0,10.0,,,,,,
128930.0,1,1289.0,34.0,Fategharh,Punjab,30.5,76.5,18.575089,0.0,20.0,20.0,20.0,0.0,20.0,0.0,1.0,0.0,0.0,116,0.0,3900.0,,,,,,,,,,15.0,0.0,15.0,,,,,,,20.0,0.0,20.0,20.0,0.0,20.0
128931.0,1,1289.0,34.0,Fategharh,Punjab,30.5,76.5,17.765717,15.0,0.0,15.0,0.0,15.0,15.0,1.0,0.0,0.0,0.0,62,0.0,0.0,,,,,,,,,,0.0,5.0,5.0,,,,,,,0.0,20.0,20.0,0.0,15.0,15.0
128932.0,1,1289.0,34.0,Fategharh,Punjab,30.5,76.5,,0.0,0.0,0.0,0.0,0.0,0.0,1.0,0.0,0.0,0.0,4,0.0,0.0,,,,,,,,,,0.0,0.0,0.0,,,,,,,0.0,0.0,0.0,0.0,0.0,0.0
128934.0,1,1289.0,34.0,Fategharh,Punjab,30.5,76.5,21.933983,5.0,0.0,5.0,0.0,5.0,5.0,1.0,0.0,0.0,0.0,5,0.0,0.0,,,,,,,,,,5.0,0.0,5.0,0.0,7.0,7.0,0.0,5.0,5.0,,,,,,
128940.0,1,1289.0,34.0,Fategharh,Punjab,30.5,76.5,16.915874,0.0,10.0,10.0,10.0,0.0,10.0,1.0,0.0,0.0,0.0,53,0.0,0.0,,,,,,,,,,,,,,,,5.0,0.0,5.0,10.0,10.0,20.0,10.0,0.0,10.0
128941.0,1,1289.0,34.0,Fategharh,Punjab,30.5,76.5,20.598516,0.0,0.0,5.0,0.0,0.0,5.0,1.0,0.0,0.0,0.0,47,0.0,0.0,,,,,,,5.0,0.0,5.0,0.0,5.0,5.0,,,,,,,,,,0.0,0.0,0.0
139501.0,1,1395.0,1.0,Fategharh,Punjab,30.6,76.2,16.106503,2.0,6.0,10.0,6.0,2.0,10.0,1.0,0.0,0.0,0.0,14,0.0,0.0,,,,,,,7.0,4.0,11.0,,,,,,,5.0,0.0,5.0,5.0,5.0,10.0,10.0,0.0,10.0
139503.0,1,1395.0,1.0,Fategharh,Punjab,30.6,76.2,20.537815,0.0,6.0,9.0,6.0,0.0,9.0,1.0,0.0,0.0,0.0,2,0.0,0.0,,,,,,,6.0,3.0,9.0,,,,6.0,0.0,6.0,10.0,0.0,10.0,,,,,,
139505.0,2,1395.0,1.0,Fategharh,Punjab,30.6,76.2,20.011723,5.0,0.0,5.0,0.0,5.0,5.0,1.0,0.0,0.0,0.0,7,0.0,0.0,,,,,,,,,,,,,,,,0.0,0.0,0.0,0.0,5.0,5.0,0.0,15.0,15.0
139506.0,1,1395.0,1.0,Fategharh,Punjab,30.6,76.2,22.460073,0.0,2.0,4.5,2.0,0.0,4.5,1.0,0.0,0.0,0.0,60,0.0,0.0,,,,,,,,,,5.0,0.0,5.0,4.0,0.0,4.0,0.0,0.0,0.0,0.0,5.0,5.0,,,
139507.0,1,1395.0,1.0,Fategharh,Punjab,30.6,76.2,21.812576,3.0,5.0,7.0,5.0,3.0,7.0,1.0,0.0,0.0,0.0,44,0.0,0.0,,,,,,,5.0,3.0,8.0,5.0,0.0,5.0,3.0,4.0,7.0,,,,,,,,,
139510.0,1,1395.0,1.0,Fategharh,Punjab,30.6,76.2,20.90203,4.0,0.0,16.0,0.0,4.0,16.0,1.0,0.0,0.0,0.0,4,0.0,0.0,,,,,,,12.0,4.0,16.0,,,,,,,,,,0.0,30.0,30.0,0.0,0.0,0.0
139512.0,1,1395.0,1.0,Fategharh,Punjab,30.6,76.2,15.357834,10.0,0.0,15.0,0.0,10.0,15.0,1.0,0.0,0.0,0.0,40,0.0,0.0,,,,,,,,,,5.0,10.0,15.0,0.0,15.0,15.0,0.0,0.0,0.0,,,,,,
139514.0,1,1395.0,1.0,Fategharh,Punjab,30.6,76.2,,5.0,0.0,5.0,0.0,5.0,5.0,1.0,0.0,0.0,0.0,30,0.0,0.0,,,,,,,,,,,,,,,,0.0,0.0,0.0,0.0,5.0,5.0,0.0,10.0,10.0
139517.0,1,1395.0,1.0,Fategharh,Punjab,30.6,76.2,22.298199,5.0,5.0,10.0,5.0,5.0,10.0,1.0,0.0,0.0,0.0,16,0.0,0.0,,,,,,,6.0,3.0,9.0,5.0,5.0,10.0,3.0,10.0,13.0,,,,,,,,,
139518.0,1,1395.0,1.0,Fategharh,Punjab,30.6,76.2,21.529297,0.0,0.0,5.0,0.0,0.0,5.0,1.0,0.0,0.0,0.0,5,0.0,0.0,,,,,,,,,,,,,,,,0.0,0.0,0.0,0.0,5.0,5.0,10.0,0.0,10.0
139524.0,1,1395.0,1.0,Fategharh,Punjab,30.6,76.2,21.26625,5.0,5.0,10.0,5.0,5.0,10.0,1.0,0.0,0.0,0.0,18,0.0,0.0,,,,,,,,,,10.0,0.0,10.0,,,,,,,0.0,5.0,5.0,5.0,10.0,15.0
147301.0,1,1473.0,34.0,Fategharh,Punjab,30.5,76.5,21.185312,0.0,5.0,5.0,5.0,0.0,5.0,1.0,0.0,0.0,0.0,38,0.0,0.0,,,,,,,8.0,4.0,12.0,5.0,0.0,5.0,4.0,0.0,4.0,,,,,,,,,
147303.0,1,1473.0,34.0,Fategharh,Punjab,30.5,76.5,18.06923,0.0,0.0,0.0,0.0,0.0,0.0,1.0,0.0,0.0,0.0,37,0.0,0.0,,,,,,,,,,5.0,0.0,5.0,0.0,0.0,0.0,0.0,0.0,0.0,,,,,,
147305.0,1,1473.0,34.0,Fategharh,Punjab,30.5,76.5,22.217262,0.0,0.0,0.0,0.0,0.0,0.0,1.0,0.0,0.0,0.0,6,0.0,0.0,,,,,,,11.0,6.0,17.0,,,,0.0,0.0,0.0,0.0,0.0,0.0,0.0,0.0,0.0,,,
147307.0,1,1473.0,34.0,Fategharh,Punjab,30.5,76.5,23.633663,3.0,0.0,5.0,0.0,3.0,5.0,1.0,0.0,0.0,0.0,11,0.0,0.0,,,,,,,9.0,3.0,12.0,0.0,5.0,5.0,0.0,0.0,0.0,,,,,,,,,
147311.0,1,1473.0,34.0,Fategharh,Punjab,30.5,76.5,21.104374,0.0,3.0,3.0,3.0,0.0,3.0,1.0,0.0,0.0,0.0,56,0.0,0.0,,,,,,,8.0,5.0,13.0,,,,3.0,0.0,3.0,2.0,0.0,2.0,,,,,,
147315.0,1,1473.0,34.0,Fategharh,Punjab,30.5,76.5,20.740158,0.0,10.0,10.0,10.0,0.0,10.0,1.0,0.0,0.0,0.0,21,0.0,0.0,,,,,,,,,,10.0,0.0,10.0,,,,,,,10.0,0.0,10.0,15.0,0.0,15.0
147316.0,1,1473.0,34.0,Fategharh,Punjab,30.5,76.5,12.626204,0.0,0.0,0.0,0.0,0.0,0.0,1.0,0.0,0.0,0.0,7,0.0,0.0,,,,,,,8.0,5.0,13.0,,,,0.0,0.0,0.0,0.0,0.0,0.0,,,,,,
147329.0,1,1473.0,34.0,Fategharh,Punjab,30.5,76.5,21.913748,0.0,0.0,0.0,0.0,0.0,0.0,1.0,0.0,0.0,0.0,29,0.0,0.0,,,,,,,,,,0.0,0.0,0.0,,,,,,,0.0,0.0,0.0,0.0,0.0,0.0
147333.0,1,1473.0,34.0,Fategharh,Punjab,30.5,76.5,21.650702,5.0,10.0,15.0,10.0,5.0,15.0,1.0,0.0,0.0,0.0,37,0.0,0.0,,,,,,,10.0,4.0,14.0,,,,,,,,,,10.0,5.0,15.0,10.0,15.0,25.0
147336.0,1,1473.0,34.0,Fategharh,Punjab,30.5,76.5,22.460072,0.0,0.0,0.0,0.0,0.0,0.0,1.0,0.0,0.0,0.0,32,0.0,0.0,,,,,,,12.0,7.0,19.0,,,,,,,,,,0.0,0.0,0.0,0.0,0.0,0.0
147337.0,1,1473.0,34.0,Fategharh,Punjab,30.5,76.5,21.124609,0.0,5.0,5.0,5.0,0.0,5.0,1.0,0.0,0.0,0.0,44,0.0,0.0,,,,,,,5.0,0.0,5.0,5.0,5.0,10.0,0.0,0.0,0.0,,,,,,,,,
151701.0,1,1517.0,16.0,Fategharh,Punjab,30.900000000000002,76.3,,0.0,0.0,0.0,0.0,0.0,0.0,1.0,0.0,0.0,0.0,5,0.0,0.0,,,,0.0,0.0,0.0,,,,0.0,0.0,0.0,0.0,0.0,0.0,0.0,0.0,0.0,,,,,,
151702.0,1,1517.0,16.0,Fategharh,Punjab,30.900000000000002,76.3,,0.0,4.5,4.5,4.5,0.0,4.5,1.0,0.0,0.0,0.0,9,0.0,0.0,,,,0.0,0.0,0.0,,,,5.0,5.0,10.0,4.0,0.0,4.0,5.0,0.0,5.0,,,,,,
151706.0,1,1517.0,16.0,Fategharh,Punjab,30.900000000000002,76.3,22.783821,0.0,0.0,0.0,0.0,0.0,0.0,1.0,0.0,0.0,0.0,3,0.0,0.0,,,,0.0,0.0,0.0,6.0,2.0,8.0,0.0,0.0,0.0,2.0,0.0,2.0,,,,,,,0.0,0.0,0.0
151708.0,1,1517.0,16.0,Fategharh,Punjab,30.900000000000002,76.3,21.347187,0.0,0.0,0.0,0.0,0.0,0.0,1.0,0.0,0.0,0.0,7,0.0,0.0,,,,0.0,0.0,0.0,5.0,2.0,7.0,,,,,,,,,,0.0,0.0,0.0,,,
151720.0,1,1517.0,16.0,Fategharh,Punjab,30.900000000000002,76.3,21.6507,0.0,0.0,0.0,0.0,0.0,0.0,1.0,0.0,0.0,0.0,3,0.0,0.0,,,,0.0,0.0,0.0,,,,0.0,0.0,0.0,,,,,,,0.0,0.0,0.0,,,
151726.0,1,1517.0,16.0,Fategharh,Punjab,30.900000000000002,76.3,16.207676,0.0,10.0,10.0,6.5,9.5,18.5,1.0,0.0,0.0,0.0,6,0.0,0.0,10.0,0.0,10.0,30.0,0.0,30.0,8.0,14.0,22.0,,,,5.0,5.0,10.0,0.0,15.0,15.0,,,,,,
151727.0,1,1517.0,16.0,Fategharh,Punjab,30.900000000000002,76.3,22.92546,0.0,0.0,0.0,0.0,0.0,0.0,1.0,0.0,0.0,0.0,7,0.0,0.0,,,,0.0,0.0,0.0,5.0,3.0,8.0,0.0,0.0,0.0,0.0,0.0,0.0,,,,,,,,,
161802.0,1,1618.0,1.0,Fategharh,Punjab,30.6,76.2,20.800861,0.0,3.5,3.5,3.5,0.0,3.5,1.0,0.0,0.0,0.0,3,0.0,0.0,,,,0.0,0.0,0.0,8.0,5.0,13.0,5.0,0.0,5.0,2.0,0.0,2.0,,,,,,,,,
161803.0,1,1618.0,1.0,Fategharh,Punjab,30.6,76.2,,0.0,6.0,6.0,6.0,0.0,6.0,1.0,0.0,0.0,0.0,24,0.0,0.0,,,,2.0,0.0,2.0,9.0,4.0,13.0,,,,5.0,0.0,5.0,7.0,0.0,7.0,,,,,,
161807.0,1,1618.0,1.0,Fategharh,Punjab,30.6,76.2,22.39937,0.0,0.0,0.0,0.0,0.0,0.0,1.0,0.0,0.0,0.0,2,0.0,0.0,,,,0.0,0.0,0.0,,,,0.0,0.0,0.0,0.0,0.0,0.0,0.0,0.0,0.0,,,,,,
161824.0,1,1618.0,1.0,Fategharh,Punjab,30.6,76.2,21.003204,0.0,5.0,5.0,5.0,0.0,5.0,1.0,0.0,0.0,0.0,12,0.0,0.0,,,,0.0,0.0,0.0,,,,10.0,5.0,15.0,,,,,,,5.0,0.0,5.0,,,
161828.0,1,1618.0,1.0,Fategharh,Punjab,30.6,76.2,17.684778,0.0,3.5,3.5,3.5,0.0,3.5,1.0,0.0,0.0,0.0,3,0.0,0.0,,,,2.0,0.0,2.0,5.0,3.0,8.0,5.0,0.0,5.0,0.0,0.0,0.0,,,,,,,,,
161830.0,1,1618.0,1.0,Fategharh,Punjab,30.6,76.2,22.460073,0.0,0.0,0.0,0.0,0.0,0.0,1.0,0.0,0.0,0.0,7,0.0,0.0,,,,0.0,0.0,0.0,9.0,6.0,15.0,,,,,,,,,,0.0,0.0,0.0,,,
164502.0,1,1645.0,16.0,Fategharh,Punjab,30.700000000000003,76.5,19.870083,0.0,10.0,10.0,15.0,0.0,15.0,1.0,0.0,0.0,0.0,44,0.0,0.0,10.0,0.0,10.0,30.0,0.0,30.0,,,,,,,,,,15.0,0.0,15.0,10.0,0.0,10.0,,,
164504.0,1,1645.0,16.0,Fategharh,Punjab,30.700000000000003,76.5,,5.0,5.0,10.0,5.0,5.0,10.0,1.0,0.0,0.0,0.0,14,0.0,0.0,,,,0.0,0.0,0.0,,,,10.0,5.0,15.0,5.0,5.0,10.0,5.0,10.0,15.0,,,,0.0,10.0,10.0
164507.0,1,1645.0,16.0,Fategharh,Punjab,30.700000000000003,76.5,20.477112,0.0,0.0,0.0,0.0,0.0,0.0,1.0,0.0,0.0,0.0,6,0.0,0.0,,,,0.0,0.0,0.0,,,,5.0,0.0,5.0,,,,,,,0.0,0.0,0.0,,,
164515.0,1,1645.0,16.0,Fategharh,Punjab,30.700000000000003,76.5,20.456877,4.0,7.0,11.0,7.0,4.0,11.0,1.0,0.0,0.0,0.0,4,0.0,0.0,,,,15.0,0.0,15.0,7.0,4.0,11.0,,,,,,,,,,5.0,5.0,10.0,,,
164516.0,1,1645.0,16.0,Fategharh,Punjab,30.700000000000003,76.5,,0.0,2.0,2.0,2.0,0.0,2.0,1.0,0.0,0.0,0.0,11,0.0,0.0,,,,0.0,0.0,0.0,9.0,4.0,13.0,,,,,,,,,,2.0,0.0,2.0,,,
164523.0,1,1645.0,16.0,Fategharh,Punjab,30.700000000000003,76.5,20.497345,0.0,0.0,0.0,0.0,0.0,0.0,1.0,0.0,0.0,0.0,23,0.0,0.0,,,,0.0,0.0,0.0,,,,0.0,0.0,0.0,,,,,,,0.0,0.0,0.0,,,
164526.0,1,1645.0,16.0,Fategharh,Punjab,30.700000000000003,76.5,16.369549,0.0,5.0,5.0,5.0,0.0,5.0,1.0,0.0,0.0,0.0,2,0.0,0.0,,,,5.0,0.0,5.0,7.0,3.0,10.0,,,,,,,,,,0.0,0.0,0.0,,,
164530.0,2,1645.0,16.0,Fategharh,Punjab,30.700000000000003,76.5,23.0064,0.0,0.0,0.0,0.0,0.0,0.0,1.0,0.0,0.0,0.0,4,0.0,0.0,,,,0.0,0.0,0.0,,,,,,,,,,0.0,0.0,0.0,5.0,0.0,5.0,,,
164531.0,1,1645.0,16.0,Fategharh,Punjab,30.700000000000003,76.5,21.468594,0.0,0.0,0.0,0.0,0.0,0.0,1.0,0.0,0.0,0.0,39,0.0,0.0,,,,0.0,0.0,0.0,5.0,3.0,8.0,0.0,5.0,5.0,0.0,0.0,0.0,,,,,,,0.0,0.0,0.0
205401.0,1,2054.0,11.0,Fatehabad,Haryana,29.5,75.4,20.153362,0.5,0.0,0.5,0.0,0.5,0.5,1.0,0.0,0.0,0.0,13,1554.5024,0.0,,,,0.0,0.0,0.0,1.0,1.0,2.0,,,,,,,0.0,0.0,0.0,0.0,1.0,1.0,,,
205406.0,1,2054.0,11.0,Fatehabad,Haryana,29.5,75.4,20.760391,0.0,0.0,0.0,0.0,0.0,0.0,1.0,0.0,0.0,0.0,21,1554.5024,0.0,,,,0.0,0.0,0.0,9.0,6.0,15.0,0.0,5.0,5.0,0.0,0.0,0.0,0.0,0.0,0.0,,,,,,
205411.0,1,2054.0,11.0,Fatehabad,Haryana,29.5,75.4,19.505865,0.0,0.0,0.0,0.0,0.0,0.0,1.0,0.0,0.0,0.0,22,1554.5024,0.0,,,,0.0,0.0,0.0,,,,,,,,,,0.0,0.0,0.0,5.0,5.0,10.0,,,
205418.0,1,2054.0,11.0,Fatehabad,Haryana,29.5,75.4,,0.0,0.0,1.0,0.0,0.0,1.0,,,,,3,,,,,,0.0,0.0,0.0,2.0,0.0,2.0,0.0,5.0,5.0,0.0,0.0,0.0,,,,,,,,,
205422.0,1,2054.0,11.0,Fatehabad,Haryana,29.5,75.4,19.5261,0.0,0.0,2.0,0.0,0.0,2.0,1.0,0.0,0.0,0.0,32,1554.5024,0.0,,,,0.0,0.0,0.0,2.0,0.0,2.0,,,,,,,,,,0.0,5.0,5.0,,,
205430.0,1,2054.0,11.0,Fatehabad,Haryana,29.5,75.4,21.387655,2.5,0.0,5.0,0.0,2.5,5.0,1.0,0.0,0.0,0.0,23,1554.5024,0.0,,,,0.0,0.0,0.0,8.0,0.0,8.0,0.0,5.0,5.0,0.0,5.0,5.0,,,,,,,,,
205441.0,1,2054.0,11.0,Fatehabad,Haryana,29.5,75.4,20.699688,0.0,0.0,0.0,0.0,0.0,0.0,1.0,0.0,0.0,0.0,4,1554.5024,0.0,,,,0.0,0.0,0.0,0.0,0.0,0.0,,,,,,,,,,0.0,0.0,0.0,,,
226106.0,1,2261.0,28.0,Fatehabad,Haryana,29.6,75.60000000000001,21.54953,0.0,0.0,0.0,0.0,0.0,0.0,1.0,0.0,0.0,0.0,5,1642.7643,0.0,,,,0.0,0.0,0.0,,,,0.0,0.0,0.0,0.0,0.0,0.0,0.0,0.0,0.0,,,,,,
226107.0,1,2261.0,28.0,Fatehabad,Haryana,29.6,75.60000000000001,20.699688,0.0,5.0,5.0,5.0,0.0,5.0,1.0,0.0,0.0,0.0,2,1642.7643,0.0,,,,0.0,0.0,0.0,5.0,0.0,5.0,,,,,,,,,,5.0,0.0,5.0,,,
226113.0,1,2261.0,28.0,Fatehabad,Haryana,29.6,75.60000000000001,21.853045,0.0,0.0,0.0,0.0,0.0,0.0,1.0,0.0,0.0,0.0,8,1642.7643,0.0,,,,0.0,0.0,0.0,,,,0.0,0.0,0.0,,,,,,,0.0,0.0,0.0,,,
226115.0,1,2261.0,28.0,Fatehabad,Haryana,29.6,75.60000000000001,23.7146,0.0,1.0,3.5,1.0,0.0,3.5,1.0,0.0,0.0,0.0,13,1642.7643,0.0,,,,0.0,0.0,0.0,15.0,0.0,15.0,0.0,5.0,5.0,2.0,0.0,2.0,,,,,,,,,
226116.0,1,2261.0,28.0,Fatehabad,Haryana,29.6,75.60000000000001,19.971254,0.0,25.0,30.0,25.0,0.0,30.0,0.0,1.0,0.0,0.0,20,1642.7643,3900.0,,,,35.0,0.0,35.0,20.0,0.0,20.0,,,,,,,,,,25.0,5.0,30.0,,,
226117.0,1,2261.0,28.0,Fatehabad,Haryana,29.6,75.60000000000001,17.017046,0.0,0.0,0.0,0.0,0.0,0.0,1.0,0.0,0.0,0.0,23,1642.7643,0.0,,,,0.0,0.0,0.0,,,,0.0,5.0,5.0,0.0,0.0,0.0,0.0,0.0,0.0,,,,,,
226119.0,1,2261.0,28.0,Fatehabad,Haryana,29.6,75.60000000000001,21.711405,0.0,0.0,0.0,0.0,0.0,0.0,1.0,0.0,0.0,0.0,23,1642.7643,0.0,,,,0.0,0.0,0.0,,,,,,,,,,0.0,0.0,0.0,5.0,10.0,15.0,,,
226129.0,1,2261.0,28.0,Fatehabad,Haryana,29.6,75.60000000000001,20.638985,0.0,0.0,0.0,0.0,0.0,0.0,1.0,0.0,0.0,0.0,20,1642.7643,0.0,,,,0.0,0.0,0.0,0.0,0.0,0.0,,,,0.0,0.0,0.0,0.0,0.0,0.0,,,,,,
226130.0,1,2261.0,28.0,Fatehabad,Haryana,29.6,75.60000000000001,18.858368,0.0,0.0,0.0,0.0,0.0,0.0,1.0,0.0,0.0,0.0,12,1642.7643,0.0,,,,0.0,0.0,0.0,,,,0.0,0.0,0.0,,,,,,,0.0,5.0,5.0,,,
226135.0,1,2261.0,28.0,Fatehabad,Haryana,29.6,75.60000000000001,22.864758,0.0,0.0,0.0,0.0,0.0,0.0,1.0,0.0,0.0,0.0,63,1642.7643,0.0,,,,0.0,0.0,0.0,2.0,0.0,2.0,,,,0.0,0.0,0.0,0.0,0.0,0.0,,,,,,
226136.0,1,2261.0,28.0,Fatehabad,Haryana,29.6,75.60000000000001,,0.0,0.0,0.0,0.0,0.0,0.0,1.0,0.0,0.0,0.0,26,1642.7643,0.0,,,,0.0,0.0,0.0,,,,,,,,,,0.0,0.0,0.0,0.0,0.0,0.0,,,
234925.0,1,2349.0,11.0,Fatehabad,Haryana,29.5,75.4,20.254534,0.0,5.0,5.0,5.0,0.0,5.0,1.0,0.0,0.0,0.0,3,1554.5024,0.0,,,,0.0,0.0,0.0,,,,5.0,0.0,5.0,,,,,,,5.0,0.0,5.0,,,
234929.0,1,2349.0,11.0,Fatehabad,Haryana,29.5,75.4,20.011723,0.0,0.0,0.0,0.0,0.0,0.0,1.0,0.0,0.0,0.0,2,1554.5024,0.0,,,,0.0,0.0,0.0,,,,0.0,0.0,0.0,,,,,,,0.0,5.0,5.0,,,
234931.0,1,2349.0,11.0,Fatehabad,Haryana,29.5,75.4,22.520775,0.0,0.0,0.0,0.0,0.0,0.0,1.0,0.0,0.0,0.0,10,1554.5024,0.0,,,,0.0,0.0,0.0,0.0,0.0,0.0,,,,,,,,,,0.0,5.0,5.0,,,
234933.0,1,2349.0,11.0,Fatehabad,Haryana,29.5,75.4,19.283287,0.0,10.0,13.0,10.0,0.0,13.0,1.0,0.0,0.0,0.0,7,1554.5024,0.0,,,,5.0,0.0,5.0,8.0,6.0,14.0,,,,12.0,0.0,12.0,20.0,0.0,20.0,,,,,,
234934.0,1,2349.0,11.0,Fatehabad,Haryana,29.5,75.4,20.800861,0.0,0.0,0.0,0.0,0.0,0.0,1.0,0.0,0.0,0.0,22,1554.5024,0.0,,,,0.0,0.0,0.0,7.0,5.0,12.0,,,,,,,0.0,0.0,0.0,,,,0.0,0.0,0.0
234935.0,1,2349.0,11.0,Fatehabad,Haryana,29.5,75.4,22.439838,3.5,0.0,3.5,0.0,3.5,3.5,1.0,0.0,0.0,0.0,6,1554.5024,0.0,,,,0.0,0.0,0.0,0.0,2.0,2.0,,,,0.0,5.0,5.0,0.0,5.0,5.0,,,,,,
234936.0,1,2349.0,11.0,Fatehabad,Haryana,29.5,75.4,22.642181,6.5,0.0,6.5,0.0,6.5,6.5,1.0,0.0,0.0,0.0,18,1554.5024,0.0,,,,0.0,0.0,0.0,,,,0.0,5.0,5.0,0.0,8.0,8.0,0.0,10.0,10.0,,,,,,
239102.0,1,2391.0,36.0,Fatehabad,Haryana,29.6,75.9,23.775303,0.0,10.0,10.0,10.0,0.0,10.0,1.0,0.0,0.0,0.0,2,2279.07,0.0,,,,0.0,0.0,0.0,,,,,,,,,,10.0,0.0,10.0,20.0,0.0,20.0,,,
239104.0,1,2391.0,36.0,Fatehabad,Haryana,29.6,75.9,24.807251,0.0,0.0,0.0,0.0,0.0,0.0,1.0,0.0,0.0,0.0,5,2279.07,0.0,,,,0.0,0.0,0.0,,,,,,,,,,0.0,10.0,10.0,0.0,0.0,0.0,,,
239119.0,1,2391.0,36.0,Fatehabad,Haryana,29.6,75.9,19.62727,0.0,0.0,0.0,0.0,0.0,0.0,1.0,0.0,0.0,0.0,18,2279.07,0.0,,,,0.0,0.0,0.0,,,,,,,,,,0.0,0.0,0.0,0.0,0.0,0.0,,,
239120.0,1,2391.0,36.0,Fatehabad,Haryana,29.6,75.9,22.945696,0.0,9.0,9.0,9.0,0.0,9.0,1.0,0.0,0.0,0.0,36,2279.07,0.0,,,,0.0,0.0,0.0,5.0,0.0,5.0,10.0,0.0,10.0,8.0,0.0,8.0,10.0,0.0,10.0,,,,10.0,0.0,10.0
239124.0,1,2391.0,36.0,Fatehabad,Haryana,29.6,75.9,18.959538,0.0,0.0,0.0,0.0,0.0,0.0,1.0,0.0,0.0,0.0,34,2279.07,0.0,,,,0.0,0.0,0.0,,,,0.0,0.0,0.0,,,,,,,0.0,0.0,0.0,,,
239125.0,1,2391.0,36.0,Fatehabad,Haryana,29.6,75.9,19.303522,0.0,2.5,2.5,2.5,0.0,2.5,1.0,0.0,0.0,0.0,8,2279.07,0.0,,,,5.0,0.0,5.0,5.0,0.0,5.0,0.0,0.0,0.0,0.0,0.0,0.0,,,,,,,,,
239136.0,1,2391.0,36.0,Fatehabad,Haryana,29.6,75.9,20.780626,4.0,0.0,9.0,0.0,4.0,9.0,1.0,0.0,0.0,0.0,8,2279.07,0.0,,,,0.0,0.0,0.0,10.0,0.0,10.0,,,,0.0,8.0,8.0,0.0,10.0,10.0,,,,,,
239138.0,1,2391.0,36.0,Fatehabad,Haryana,29.6,75.9,20.558048,0.0,20.0,25.0,20.0,0.0,25.0,0.0,1.0,0.0,0.0,95,2279.07,3900.0,,,,5.0,0.0,5.0,,,,20.0,5.0,25.0,,,,,,,30.0,0.0,30.0,,,
239139.0,1,2391.0,36.0,Fatehabad,Haryana,29.6,75.9,22.298199,0.0,0.0,0.0,0.0,0.0,0.0,1.0,0.0,0.0,0.0,11,2279.07,0.0,,,,0.0,0.0,0.0,0.0,0.0,0.0,,,,,,,,,,0.0,0.0,0.0,,,
251501.0,1,2515.0,36.0,Fatehabad,Haryana,29.6,75.9,18.797665,0.0,5.0,5.0,5.0,0.0,5.0,1.0,0.0,0.0,0.0,3,2279.07,0.0,,,,0.0,0.0,0.0,5.0,0.0,5.0,,,,,,,,,,15.0,0.0,15.0,,,
251502.0,1,2515.0,36.0,Fatehabad,Haryana,29.6,75.9,16.47072,0.0,4.0,5.0,4.0,0.0,5.0,1.0,0.0,0.0,0.0,3,2279.07,0.0,,,,0.0,0.0,0.0,3.0,2.0,5.0,,,,5.0,0.0,5.0,10.0,0.0,10.0,,,,,,
251503.0,1,2515.0,36.0,Fatehabad,Haryana,29.6,75.9,16.794468,0.0,7.0,7.0,7.0,0.0,7.0,1.0,0.0,0.0,0.0,31,2279.07,0.0,,,,0.0,0.0,0.0,0.0,0.0,0.0,10.0,0.0,10.0,7.0,0.0,7.0,10.0,0.0,10.0,,,,,,
251504.0,1,2515.0,36.0,Fatehabad,Haryana,29.6,75.9,12.626204,0.0,40.0,40.0,15.0,0.0,15.0,0.0,1.0,0.0,0.0,10,2279.07,0.0,40.0,0.0,40.0,10.0,0.0,10.0,0.0,2.0,2.0,,,,22.0,0.0,22.0,20.0,0.0,20.0,,,,,,
251505.0,1,2515.0,36.0,Fatehabad,Haryana,29.6,75.9,20.699688,0.0,20.0,20.0,20.0,0.0,20.0,0.0,1.0,0.0,0.0,18,2279.07,0.0,,,,0.0,0.0,0.0,,,,,,,,,,20.0,0.0,20.0,30.0,0.0,30.0,,,
251508.0,1,2515.0,36.0,Fatehabad,Haryana,29.6,75.9,22.176792,0.0,15.0,15.0,15.0,0.0,15.0,1.0,0.0,0.0,0.0,4,2279.07,0.0,15.0,0.0,15.0,5.0,0.0,5.0,,,,15.0,0.0,15.0,,,,,,,40.0,0.0,40.0,,,
251512.0,1,2515.0,36.0,Fatehabad,Haryana,29.6,75.9,24.159756,0.0,0.0,0.0,0.0,0.0,0.0,1.0,0.0,0.0,0.0,5,2279.07,0.0,,,,0.0,0.0,0.0,0.0,0.0,0.0,,,,,,,,,,0.0,0.0,0.0,,,
251513.0,1,2515.0,36.0,Fatehabad,Haryana,29.6,75.9,20.800861,0.0,2.0,2.0,2.0,0.0,2.0,1.0,0.0,0.0,0.0,4,2279.07,0.0,,,,0.0,0.0,0.0,0.0,0.0,0.0,10.0,0.0,10.0,4.0,0.0,4.0,,,,,,,,,
251522.0,1,2515.0,36.0,Fatehabad,Haryana,29.6,75.9,22.905228,0.0,0.0,0.0,0.0,0.0,0.0,1.0,0.0,0.0,0.0,3,2279.07,0.0,,,,0.0,0.0,0.0,0.0,0.0,0.0,0.0,0.0,0.0,0.0,0.0,0.0,,,,,,,,,
251525.0,1,2515.0,36.0,Fatehabad,Haryana,29.6,75.9,18.797665,5.0,2.5,7.5,2.5,5.0,7.5,1.0,0.0,0.0,0.0,20,2279.07,0.0,,,,0.0,0.0,0.0,5.0,5.0,10.0,5.0,5.0,10.0,0.0,5.0,5.0,,,,,,,,,
251526.0,1,2515.0,36.0,Fatehabad,Haryana,29.6,75.9,15.964863,0.0,0.0,0.0,0.0,0.0,0.0,1.0,0.0,0.0,0.0,6,2279.07,0.0,,,,5.0,0.0,5.0,,,,0.0,0.0,0.0,0.0,0.0,0.0,0.0,0.0,0.0,,,,,,
251527.0,1,2515.0,36.0,Fatehabad,Haryana,29.6,75.9,15.661348,2.5,0.0,2.5,0.0,2.5,2.5,1.0,0.0,0.0,0.0,2,2279.07,0.0,,,,0.0,0.0,0.0,,,,0.0,0.0,0.0,0.0,5.0,5.0,0.0,5.0,5.0,,,,,,
251529.0,1,2515.0,36.0,Fatehabad,Haryana,29.6,75.9,19.971254,0.0,0.0,0.0,0.0,0.0,0.0,1.0,0.0,0.0,0.0,3,2279.07,0.0,,,,0.0,0.0,0.0,,,,5.0,0.0,5.0,,,,,,,0.0,0.0,0.0,,,
266015.0,1,2660.0,28.0,Fatehabad,Haryana,29.6,75.60000000000001,20.578283,0.0,0.0,0.0,0.0,0.0,0.0,1.0,0.0,0.0,0.0,11,1642.7643,0.0,,,,0.0,0.0,0.0,,,,0.0,0.0,0.0,,,,,,,0.0,0.0,0.0,,,
266021.0,1,2660.0,28.0,Fatehabad,Haryana,29.6,75.60000000000001,20.760391,0.0,1.0,1.0,1.0,0.0,1.0,1.0,0.0,0.0,0.0,9,1642.7643,0.0,,,,0.0,0.0,0.0,5.0,0.0,5.0,0.0,0.0,0.0,2.0,0.0,2.0,,,,,,,,,
317402.0,1,3174.0,31.0,Ludhiana,Punjab,30.700000000000003,76.2,22.682652,0.0,20.0,20.0,20.0,0.0,20.0,0.0,1.0,0.0,0.0,29,0.0,3900.0,,,,25.0,0.0,25.0,10.0,5.0,15.0,,,,,,,,,,20.0,0.0,20.0,,,
317405.0,1,3174.0,31.0,Ludhiana,Punjab,30.700000000000003,76.2,23.411085,0.0,0.0,0.0,0.0,0.0,0.0,1.0,0.0,0.0,0.0,8,0.0,0.0,,,,0.0,0.0,0.0,1.0,2.0,3.0,,,,0.0,0.0,0.0,0.0,0.0,0.0,,,,,,
317421.0,1,3174.0,31.0,Ludhiana,Punjab,30.700000000000003,76.2,24.382332,2.5,20.0,25.0,20.0,2.5,25.0,0.0,1.0,0.0,0.0,33,0.0,3900.0,,,,45.0,0.0,45.0,20.0,5.0,25.0,,,,,,,15.0,0.0,15.0,20.0,5.0,25.0,,,
317423.0,1,3174.0,31.0,Ludhiana,Punjab,30.700000000000003,76.2,21.144844,0.0,2.0,3.0,2.0,0.0,3.0,1.0,0.0,0.0,0.0,5,0.0,0.0,,,,0.0,0.0,0.0,2.0,1.0,3.0,,,,,,,,,,5.0,0.0,5.0,,,
317426.0,1,3174.0,31.0,Ludhiana,Punjab,30.700000000000003,76.2,20.578283,0.0,8.0,10.0,8.0,0.0,10.0,1.0,0.0,0.0,0.0,25,0.0,0.0,,,,0.0,0.0,0.0,,,,8.0,2.0,10.0,,,,,,,15.0,0.0,15.0,,,
317429.0,2,3174.0,31.0,Ludhiana,Punjab,30.700000000000003,76.2,22.763588,0.0,5.0,5.0,5.0,0.0,5.0,1.0,0.0,0.0,0.0,13,0.0,0.0,,,,0.0,0.0,0.0,,,,,,,,,,5.0,0.0,5.0,10.0,0.0,10.0,,,
317435.0,1,3174.0,31.0,Ludhiana,Punjab,30.700000000000003,76.2,23.57296,0.0,5.0,5.0,5.0,0.0,5.0,1.0,0.0,0.0,0.0,3,0.0,0.0,,,,10.0,0.0,10.0,,,,5.0,0.0,5.0,4.0,0.0,4.0,5.0,0.0,5.0,,,,,,
318809.0,1,3188.0,19.0,Ludhiana,Punjab,30.8,75.9,15.641113,0.0,9.0,9.0,9.0,0.0,9.0,1.0,0.0,0.0,0.0,4,0.0,0.0,,,,0.0,0.0,0.0,15.0,1.0,16.0,,,,8.0,0.0,8.0,10.0,0.0,10.0,,,,,,
318817.0,2,3188.0,19.0,Ludhiana,Punjab,30.8,75.9,22.783821,0.0,5.0,5.0,5.0,0.0,5.0,1.0,0.0,0.0,0.0,6,0.0,0.0,,,,0.0,0.0,0.0,7.0,5.0,12.0,,,,,,,,,,5.0,0.0,5.0,,,
318824.0,1,3188.0,19.0,Ludhiana,Punjab,30.8,75.9,21.347187,0.0,30.0,30.0,30.0,0.0,30.0,0.0,1.0,0.0,0.0,6,0.0,3900.0,,,,40.0,0.0,40.0,20.0,1.0,21.0,,,,,,,,,,30.0,0.0,30.0,,,
318831.0,1,3188.0,19.0,Ludhiana,Punjab,30.8,75.9,22.298199,0.0,0.0,0.0,0.0,0.0,0.0,1.0,0.0,0.0,0.0,11,0.0,0.0,,,,0.0,0.0,0.0,2.0,4.0,6.0,,,,0.0,0.0,0.0,0.0,0.0,0.0,,,,,,
318834.0,1,3188.0,19.0,Ludhiana,Punjab,30.8,75.9,20.436642,0.0,0.0,0.0,0.0,0.0,0.0,1.0,0.0,0.0,0.0,2,0.0,0.0,,,,0.0,0.0,0.0,,,,,,,,,,2.0,0.0,2.0,0.0,0.0,0.0,,,
322302.0,1,3223.0,17.0,Ludhiana,Punjab,30.700000000000003,76.2,22.783821,0.0,40.0,40.0,13.5,0.0,15.0,0.0,1.0,0.0,0.0,3,0.0,0.0,40.0,0.0,40.0,40.0,0.0,40.0,,,,10.0,5.0,15.0,12.0,0.0,12.0,15.0,0.0,15.0,,,,,,
322303.0,1,3223.0,17.0,Ludhiana,Punjab,30.700000000000003,76.2,,0.0,0.0,2.5,0.0,0.0,2.5,1.0,0.0,0.0,0.0,3,0.0,0.0,,,,10.0,0.0,10.0,,,,0.0,0.0,0.0,,,,,,,0.0,5.0,5.0,0.0,0.0,0.0
322305.0,1,3223.0,17.0,Ludhiana,Punjab,30.700000000000003,76.2,22.176792,0.0,15.0,15.0,15.0,0.0,15.0,1.0,0.0,0.0,0.0,12,0.0,0.0,,,,2.0,0.0,2.0,,,,15.0,0.0,15.0,,,,,,,20.0,0.0,20.0,,,
322307.0,1,3223.0,17.0,Ludhiana,Punjab,30.700000000000003,76.2,23.57296,0.0,0.0,0.0,0.0,0.0,0.0,1.0,0.0,0.0,0.0,3,0.0,0.0,,,,0.0,0.0,0.0,1.0,1.0,2.0,,,,0.0,0.0,0.0,0.0,0.0,0.0,,,,,,
322315.0,1,3223.0,17.0,Ludhiana,Punjab,30.700000000000003,76.2,23.269445,0.0,0.0,0.0,0.0,0.0,0.0,1.0,0.0,0.0,0.0,2,0.0,0.0,,,,0.0,0.0,0.0,5.0,1.0,6.0,,,,0.0,0.0,0.0,0.0,0.0,0.0,,,,,,
322317.0,1,3223.0,17.0,Ludhiana,Punjab,30.700000000000003,76.2,19.647505,0.0,13.5,13.5,13.5,0.0,13.5,1.0,0.0,0.0,0.0,22,0.0,0.0,,,,0.0,0.0,0.0,,,,20.0,0.0,20.0,12.0,0.0,12.0,15.0,0.0,15.0,,,,,,
322320.0,1,3223.0,17.0,Ludhiana,Punjab,30.700000000000003,76.2,21.08414,0.0,15.0,15.0,15.0,0.0,15.0,1.0,0.0,0.0,0.0,53,0.0,0.0,,,,0.0,0.0,0.0,,,,,,,,,,15.0,0.0,15.0,15.0,0.0,15.0,,,
322322.0,1,3223.0,17.0,Ludhiana,Punjab,30.700000000000003,76.2,23.937176,0.0,30.0,30.0,30.0,0.0,30.0,0.0,1.0,0.0,0.0,7,0.0,0.0,,,,45.0,0.0,45.0,25.0,5.0,30.0,,,,,,,,,,30.0,0.0,30.0,,,
322325.0,1,3223.0,17.0,Ludhiana,Punjab,30.700000000000003,76.2,23.026634,0.0,12.5,12.5,12.5,0.0,12.5,1.0,0.0,0.0,0.0,40,0.0,0.0,,,,5.0,0.0,5.0,10.0,0.0,10.0,15.0,0.0,15.0,15.0,0.0,15.0,,,,,,,,,
322328.0,1,3223.0,17.0,Ludhiana,Punjab,30.700000000000003,76.2,22.298199,0.0,7.5,7.5,7.5,0.0,7.5,1.0,0.0,0.0,0.0,10,0.0,0.0,,,,0.0,0.0,0.0,6.0,0.0,6.0,10.0,0.0,10.0,9.0,0.0,9.0,,,,,,,,,
322331.0,1,3223.0,17.0,Ludhiana,Punjab,30.700000000000003,76.2,23.755068,0.0,0.0,0.0,0.0,0.0,0.0,1.0,0.0,0.0,0.0,2,0.0,0.0,,,,0.0,0.0,0.0,5.0,0.0,5.0,,,,,,,,,,0.0,0.0,0.0,,,
322334.0,1,3223.0,17.0,Ludhiana,Punjab,30.700000000000003,76.2,18.210869,0.0,12.0,12.0,12.0,0.0,12.0,1.0,0.0,0.0,0.0,11,0.0,0.0,,,,15.0,0.0,15.0,5.0,0.0,5.0,10.0,0.0,10.0,14.0,0.0,14.0,,,,,,,,,
329706.0,1,3297.0,20.0,Ludhiana,Punjab,30.8,76.3,21.509062,0.0,30.0,30.0,30.0,0.0,30.0,0.0,1.0,0.0,0.0,24,0.0,3900.0,,,,35.0,0.0,35.0,,,,,,,,,,10.0,10.0,20.0,30.0,0.0,30.0,,,
329714.0,1,3297.0,20.0,Ludhiana,Punjab,30.8,76.3,,0.0,0.0,0.0,0.0,0.0,0.0,1.0,0.0,0.0,0.0,4,0.0,0.0,,,,0.0,0.0,0.0,12.0,5.0,17.0,,,,0.0,0.0,0.0,0.0,0.0,0.0,,,,,,
329725.0,1,3297.0,20.0,Ludhiana,Punjab,30.8,76.3,23.411085,0.0,15.0,15.0,15.0,0.0,15.0,1.0,0.0,0.0,0.0,19,0.0,0.0,15.0,0.0,15.0,35.0,0.0,35.0,,,,15.0,0.0,15.0,15.0,0.0,15.0,10.0,0.0,10.0,,,,,,
329728.0,1,3297.0,20.0,Ludhiana,Punjab,30.8,76.3,22.136324,0.0,9.0,9.0,9.0,0.0,9.0,1.0,0.0,0.0,0.0,10,0.0,0.0,,,,5.0,0.0,5.0,12.0,6.0,18.0,10.0,0.0,10.0,8.0,0.0,8.0,,,,,,,,,
329735.0,1,3297.0,20.0,Ludhiana,Punjab,30.8,76.3,22.804056,0.0,10.0,10.0,10.0,0.0,10.0,1.0,0.0,0.0,0.0,20,0.0,0.0,,,,0.0,0.0,0.0,,,,10.0,0.0,10.0,,,,,,,15.0,0.0,15.0,,,
329738.0,1,3297.0,20.0,Ludhiana,Punjab,30.8,76.3,,0.0,0.0,0.0,0.0,0.0,0.0,1.0,0.0,0.0,0.0,9,0.0,0.0,,,,,,,,,,,,,,,,0.0,0.0,0.0,0.0,5.0,5.0,0.0,0.0,0.0
342101.0,1,3421.0,19.0,Ludhiana,Punjab,30.8,75.9,,5.0,2.5,8.5,2.5,5.0,8.5,1.0,0.0,0.0,0.0,20,0.0,0.0,,,,0.0,0.0,0.0,7.0,5.0,12.0,5.0,10.0,15.0,0.0,5.0,5.0,,,,,,,,,
342102.0,1,3421.0,19.0,Ludhiana,Punjab,30.8,75.9,21.711403,5.0,0.0,5.0,0.0,5.0,5.0,1.0,0.0,0.0,0.0,19,0.0,0.0,,,,0.0,0.0,0.0,,,,,,,,,,0.0,5.0,5.0,0.0,5.0,5.0,,,
342103.0,1,3421.0,19.0,Ludhiana,Punjab,30.8,75.9,21.286484,2.5,0.0,2.5,0.0,2.5,2.5,1.0,0.0,0.0,0.0,3,0.0,0.0,,,,0.0,0.0,0.0,8.0,6.0,14.0,0.0,5.0,5.0,0.0,0.0,0.0,,,,,,,,,
342104.0,1,3421.0,19.0,Ludhiana,Punjab,30.8,75.9,19.263054,0.0,10.0,10.0,15.0,0.0,20.0,1.0,0.0,0.0,0.0,10,0.0,0.0,10.0,0.0,10.0,15.0,0.0,15.0,,,,15.0,5.0,20.0,,,,,,,20.0,0.0,20.0,,,
342111.0,1,3421.0,19.0,Ludhiana,Punjab,30.8,75.9,20.214066,4.0,0.0,4.0,0.0,4.0,4.0,1.0,0.0,0.0,0.0,21,0.0,0.0,,,,0.0,0.0,0.0,,,,5.0,5.0,10.0,0.0,3.0,3.0,0.0,5.0,5.0,,,,,,
342112.0,1,3421.0,19.0,Ludhiana,Punjab,30.8,75.9,21.650702,0.0,5.0,10.0,5.0,0.0,10.0,1.0,0.0,0.0,0.0,2,0.0,0.0,,,,0.0,0.0,0.0,,,,5.0,5.0,10.0,,,,,,,10.0,0.0,10.0,,,
342113.0,1,3421.0,19.0,Ludhiana,Punjab,30.8,75.9,,0.0,0.0,0.0,0.0,0.0,0.0,1.0,0.0,0.0,0.0,2,0.0,0.0,,,,0.0,0.0,0.0,,,,,,,,,,0.0,5.0,5.0,0.0,0.0,0.0,,,
342125.0,1,3421.0,19.0,Ludhiana,Punjab,30.8,75.9,16.592127,0.0,5.0,5.0,5.0,0.0,5.0,1.0,0.0,0.0,0.0,12,0.0,0.0,,,,0.0,0.0,0.0,,,,5.0,0.0,5.0,,,,,,,10.0,0.0,10.0,,,
363621.0,1,3636.0,31.0,Ludhiana,Punjab,30.8,76.3,22.682652,0.0,10.0,10.0,12.5,0.0,12.5,1.0,0.0,0.0,0.0,28,0.0,0.0,10.0,0.0,10.0,45.0,0.0,45.0,,,,10.0,0.0,10.0,10.0,0.0,10.0,15.0,0.0,15.0,,,,,,
363627.0,1,3636.0,31.0,Ludhiana,Punjab,30.8,76.3,,0.0,15.0,15.0,15.0,0.0,15.0,1.0,0.0,0.0,0.0,6,0.0,0.0,,,,15.0,0.0,15.0,25.0,6.0,31.0,,,,,,,,,,0.0,0.0,0.0,,,
363628.0,1,3636.0,31.0,Ludhiana,Punjab,30.8,76.3,,0.0,7.5,7.5,7.5,0.0,7.5,1.0,0.0,0.0,0.0,3,0.0,0.0,,,,15.0,0.0,15.0,22.0,6.0,28.0,,,,0.0,0.0,0.0,0.0,0.0,0.0,,,,,,
363636.0,1,3636.0,31.0,Ludhiana,Punjab,30.8,76.3,20.719925,0.0,5.0,5.0,5.0,0.0,5.0,1.0,0.0,0.0,0.0,63,0.0,0.0,,,,0.0,0.0,0.0,,,,5.0,5.0,10.0,,,,,,,5.0,0.0,5.0,,,
363642.0,1,3636.0,31.0,Ludhiana,Punjab,30.8,76.3,15.499474,0.0,10.0,10.0,10.0,0.0,10.0,1.0,0.0,0.0,0.0,8,0.0,0.0,,,,0.0,0.0,0.0,19.0,9.0,28.0,,,,,,,,,,10.0,0.0,10.0,,,
416501.0,1,4165.0,30.0,Patiala,Punjab,30.200000000000003,76.2,5.746541,0.0,70.0,70.0,25.0,0.0,25.0,0.0,0.0,1.0,0.0,2,0.0,7800.0,70.0,0.0,70.0,60.0,0.0,60.0,14.0,4.0,18.0,,,,20.0,0.0,20.0,25.0,0.0,25.0,70.0,0.0,70.0,,,
416502.0,1,4165.0,30.0,Patiala,Punjab,30.200000000000003,76.2,8.9233265,0.0,70.0,70.0,12.0,0.0,15.0,0.0,0.0,1.0,0.0,41,0.0,7800.0,70.0,0.0,70.0,10.0,0.0,10.0,10.0,5.0,15.0,,,,12.0,0.0,12.0,15.0,0.0,15.0,70.0,5.0,75.0,,,
416505.0,1,4165.0,30.0,Patiala,Punjab,30.200000000000003,76.2,5.888181,0.0,60.0,60.0,60.0,0.0,60.0,0.0,0.0,1.0,0.0,10,0.0,7800.0,,,,60.0,0.0,60.0,,,,15.0,0.0,15.0,,,,,,,70.0,0.0,70.0,,,
416508.0,1,4165.0,30.0,Patiala,Punjab,30.200000000000003,76.2,7.1224737,0.0,80.0,80.0,17.5,0.0,20.0,0.0,0.0,0.0,1.0,5,0.0,13000.0,80.0,0.0,80.0,60.0,0.0,60.0,20.0,5.0,25.0,,,,13.0,0.0,13.0,15.0,0.0,15.0,,,,,,
416510.0,1,4165.0,30.0,Patiala,Punjab,30.200000000000003,76.2,4.0266256,0.0,60.0,60.0,35.0,0.0,35.0,0.0,0.0,1.0,0.0,2,0.0,7800.0,60.0,0.0,60.0,35.0,0.0,35.0,,,,10.0,0.0,10.0,,,,,,,60.0,0.0,60.0,,,
416515.0,1,4165.0,30.0,Patiala,Punjab,30.200000000000003,76.2,6.8796616,0.0,60.0,60.0,60.0,0.0,60.0,0.0,0.0,1.0,0.0,7,0.0,7800.0,,,,60.0,0.0,60.0,,,,,,,,,,25.0,5.0,30.0,70.0,0.0,70.0,,,
416538.0,1,4165.0,30.0,Patiala,Punjab,30.200000000000003,76.2,3.3184252,0.0,35.0,35.0,35.0,0.0,35.0,0.0,1.0,0.0,0.0,29,0.0,3900.0,,,,65.0,0.0,65.0,,,,10.0,0.0,10.0,40.0,0.0,40.0,30.0,0.0,30.0,,,,,,
423101.0,1,4231.0,32.0,Patiala,Punjab,30.1,76.3,18.696493,0.0,5.0,5.0,5.0,0.0,5.0,1.0,0.0,0.0,0.0,25,0.0,0.0,,,,0.0,0.0,0.0,,,,5.0,0.0,5.0,,,,,,,15.0,0.0,15.0,,,
423105.0,1,4231.0,32.0,Patiala,Punjab,30.1,76.3,,0.0,15.0,15.0,15.0,0.0,15.0,1.0,0.0,0.0,0.0,36,0.0,0.0,,,,,,,,,,15.0,0.0,15.0,,,,,,,15.0,0.0,15.0,15.0,5.0,20.0
423110.0,1,4231.0,32.0,Patiala,Punjab,30.1,76.3,10.25879,5.0,0.0,5.0,0.0,5.0,5.0,1.0,0.0,0.0,0.0,25,0.0,0.0,,,,,,,,,,0.0,5.0,5.0,0.0,3.0,3.0,0.0,5.0,5.0,,,,,,
423116.0,1,4231.0,32.0,Patiala,Punjab,30.1,76.3,,0.0,0.0,0.0,0.0,0.0,0.0,1.0,0.0,0.0,0.0,2,0.0,0.0,,,,0.0,0.0,0.0,0.0,2.0,2.0,,,,0.0,0.0,0.0,0.0,0.0,0.0,,,,,,
430704.0,1,4307.0,24.0,Patiala,Punjab,30.400000000000002,76.3,,0.0,0.0,0.0,0.0,0.0,0.0,1.0,0.0,0.0,0.0,10,0.0,0.0,,,,0.0,0.0,0.0,,,,,,,,,,0.0,0.0,0.0,0.0,0.0,0.0,,,
430708.0,1,4307.0,24.0,Patiala,Punjab,30.400000000000002,76.3,20.659222,0.0,20.0,20.0,15.0,0.0,15.0,0.0,1.0,0.0,0.0,12,0.0,0.0,20.0,0.0,20.0,75.0,0.0,75.0,,,,15.0,0.0,15.0,,,,,,,10.0,0.0,10.0,,,
430711.0,1,4307.0,24.0,Patiala,Punjab,30.400000000000002,76.3,21.610233,0.0,2.0,2.0,2.0,0.0,2.0,1.0,0.0,0.0,0.0,35,0.0,0.0,,,,0.0,0.0,0.0,,,,5.0,0.0,5.0,,,,,,,2.0,0.0,2.0,,,
430716.0,1,4307.0,24.0,Patiala,Punjab,30.400000000000002,76.3,21.933983,0.0,5.0,5.0,5.0,0.0,5.0,1.0,0.0,0.0,0.0,49,0.0,0.0,,,,0.0,0.0,0.0,15.0,10.0,25.0,,,,,,,,,,5.0,0.0,5.0,,,
430720.0,1,4307.0,24.0,Patiala,Punjab,30.400000000000002,76.3,17.280092,0.0,20.0,20.0,20.0,0.0,20.0,0.0,1.0,0.0,0.0,73,0.0,0.0,,,,20.0,0.0,20.0,10.0,0.0,10.0,,,,20.0,0.0,20.0,20.0,0.0,20.0,,,,,,
430721.0,1,4307.0,24.0,Patiala,Punjab,30.400000000000002,76.3,16.308846,0.0,5.0,5.0,5.0,0.0,5.0,1.0,0.0,0.0,0.0,12,0.0,0.0,,,,5.0,0.0,5.0,0.0,0.0,0.0,,,,,,,,,,5.0,5.0,10.0,,,
430722.0,1,4307.0,24.0,Patiala,Punjab,30.400000000000002,76.3,19.283287,0.0,10.0,10.0,10.0,0.0,10.0,1.0,0.0,0.0,0.0,12,0.0,0.0,,,,5.0,0.0,5.0,,,,,,,,,,20.0,0.0,20.0,10.0,0.0,10.0,,,
430723.0,1,4307.0,24.0,Patiala,Punjab,30.400000000000002,76.3,21.630466,0.0,0.0,0.0,0.0,0.0,0.0,1.0,0.0,0.0,0.0,41,0.0,0.0,,,,0.0,0.0,0.0,0.0,0.0,0.0,,,,,,,,,,10.0,0.0,10.0,,,
430727.0,1,4307.0,24.0,Patiala,Punjab,30.400000000000002,76.3,15.924395,0.0,0.0,0.0,0.0,0.0,0.0,1.0,0.0,0.0,0.0,6,0.0,0.0,,,,0.0,0.0,0.0,0.0,10.0,10.0,,,,0.0,0.0,0.0,0.0,0.0,0.0,,,,,,
430730.0,1,4307.0,24.0,Patiala,Punjab,30.400000000000002,76.3,,0.0,0.0,0.0,0.0,0.0,0.0,1.0,0.0,0.0,0.0,11,0.0,0.0,,,,0.0,0.0,0.0,,,,0.0,5.0,5.0,0.0,0.0,0.0,0.0,0.0,0.0,,,,,,
430732.0,1,4307.0,24.0,Patiala,Punjab,30.400000000000002,76.3,23.451553,0.0,10.0,10.0,10.0,0.0,10.0,1.0,0.0,0.0,0.0,51,0.0,0.0,,,,5.0,0.0,5.0,15.0,0.0,15.0,,,,,,,,,,10.0,0.0,10.0,,,
435502.0,1,4355.0,32.0,Patiala,Punjab,30.200000000000003,76.3,10.117149,0.0,25.0,27.0,25.0,0.0,27.0,0.0,1.0,0.0,0.0,52,0.0,0.0,,,,5.0,0.0,5.0,25.0,2.0,27.0,,,,,,,,,,50.0,0.0,50.0,,,
435508.0,1,4355.0,32.0,Patiala,Punjab,30.200000000000003,76.3,9.307778,0.0,32.5,32.5,32.5,0.0,32.5,0.0,1.0,0.0,0.0,14,0.0,0.0,,,,40.0,0.0,40.0,,,,15.0,0.0,15.0,25.0,0.0,25.0,40.0,0.0,40.0,,,,,,
435511.0,1,4355.0,32.0,Patiala,Punjab,30.200000000000003,76.3,15.843456,0.0,15.0,15.0,20.0,0.0,22.5,1.0,0.0,0.0,0.0,15,0.0,0.0,15.0,0.0,15.0,40.0,0.0,40.0,0.0,20.0,20.0,15.0,0.0,15.0,25.0,0.0,25.0,,,,,,,,,
435513.0,1,4355.0,32.0,Patiala,Punjab,30.200000000000003,76.3,,0.0,70.0,70.0,25.0,0.0,27.5,0.0,0.0,1.0,0.0,11,0.0,0.0,70.0,0.0,70.0,50.0,0.0,50.0,15.0,5.0,20.0,15.0,0.0,15.0,35.0,0.0,35.0,,,,,,,,,
435515.0,1,4355.0,32.0,Patiala,Punjab,30.200000000000003,76.3,6.8594275,0.0,50.0,55.0,50.0,0.0,55.0,0.0,0.0,1.0,0.0,9,0.0,0.0,,,,60.0,0.0,60.0,,,,,,,,,,40.0,0.0,40.0,50.0,5.0,55.0,,,
435516.0,1,4355.0,32.0,Patiala,Punjab,30.200000000000003,76.3,,0.0,5.0,10.0,5.0,0.0,10.0,1.0,0.0,0.0,0.0,57,0.0,0.0,,,,5.0,0.0,5.0,5.0,5.0,10.0,,,,,,,,,,10.0,0.0,10.0,,,
435518.0,1,4355.0,32.0,Patiala,Punjab,30.200000000000003,76.3,16.93611,0.0,37.5,37.5,37.5,0.0,37.5,0.0,1.0,0.0,0.0,46,0.0,0.0,,,,60.0,0.0,60.0,20.0,0.0,20.0,,,,35.0,0.0,35.0,40.0,0.0,40.0,,,,,,
435519.0,1,4355.0,32.0,Patiala,Punjab,30.200000000000003,76.3,16.106503,0.0,50.0,50.0,50.0,0.0,50.0,0.0,0.0,1.0,0.0,40,0.0,0.0,,,,70.0,0.0,70.0,,,,35.0,0.0,35.0,,,,,,,50.0,0.0,50.0,,,
435526.0,1,4355.0,32.0,Patiala,Punjab,30.200000000000003,76.3,15.135256,,,,15.0,0.0,15.0,1.0,0.0,0.0,0.0,47,0.0,0.0,15.0,0.0,15.0,60.0,0.0,60.0,15.0,0.0,15.0,,,,,,,,,,10.0,5.0,15.0,,,
435527.0,1,4355.0,32.0,Patiala,Punjab,30.200000000000003,76.3,13.981901,0.0,10.0,10.0,12.5,0.0,15.0,1.0,0.0,0.0,0.0,35,0.0,0.0,10.0,0.0,10.0,45.0,0.0,45.0,10.0,5.0,15.0,15.0,0.0,15.0,6.0,0.0,6.0,,,,,,,,,
435529.0,1,4355.0,32.0,Patiala,Punjab,30.200000000000003,76.3,8.538875,0.0,70.0,70.0,20.0,0.0,20.0,0.0,0.0,1.0,0.0,64,0.0,0.0,70.0,0.0,70.0,50.0,0.0,50.0,8.0,0.0,8.0,,,,10.0,0.0,10.0,30.0,0.0,30.0,,,,,,
435531.0,1,4355.0,32.0,Patiala,Punjab,30.200000000000003,76.3,8.66028,0.0,0.0,0.0,0.0,0.0,0.0,1.0,0.0,0.0,0.0,30,0.0,0.0,,,,0.0,0.0,0.0,,,,,,,,,,0.0,0.0,0.0,0.0,10.0,10.0,,,
435535.0,1,4355.0,32.0,Patiala,Punjab,30.200000000000003,76.3,19.424927,0.0,60.0,60.0,60.0,0.0,60.0,0.0,0.0,1.0,0.0,11,0.0,0.0,,,,70.0,0.0,70.0,,,,30.0,0.0,30.0,,,,,,,60.0,0.0,60.0,,,
435811.0,1,4358.0,30.0,Patiala,Punjab,30.200000000000003,76.3,15.843456,0.0,10.0,10.0,15.0,0.0,15.0,1.0,0.0,0.0,0.0,11,0.0,0.0,10.0,0.0,10.0,40.0,0.0,40.0,,,,,,,,,,15.0,0.0,15.0,10.0,5.0,15.0,,,
435812.0,1,4358.0,30.0,Patiala,Punjab,30.200000000000003,76.3,,0.0,0.0,0.0,0.0,0.0,0.0,1.0,0.0,0.0,0.0,3,0.0,0.0,,,,0.0,0.0,0.0,,,,0.0,0.0,0.0,,,,,,,0.0,0.0,0.0,,,
435814.0,1,4358.0,30.0,Patiala,Punjab,30.200000000000003,76.3,22.92546,0.0,0.0,0.0,0.0,0.0,0.0,1.0,0.0,0.0,0.0,42,0.0,0.0,,,,,,,0.0,0.0,0.0,,,,0.0,0.0,0.0,0.0,0.0,0.0,,,,,,
435815.0,1,4358.0,30.0,Patiala,Punjab,30.200000000000003,76.3,17.78595,10.0,0.0,10.0,0.0,10.0,10.0,1.0,0.0,0.0,0.0,6,0.0,0.0,,,,,,,,,,0.0,0.0,0.0,,,,0.0,0.0,0.0,0.0,20.0,20.0,0.0,20.0,20.0
435816.0,1,4358.0,30.0,Patiala,Punjab,30.200000000000003,76.3,16.389782,0.0,10.0,10.0,10.0,0.0,10.0,1.0,0.0,0.0,0.0,50,0.0,0.0,,,,,,,10.0,0.0,10.0,,,,8.0,0.0,8.0,10.0,0.0,10.0,,,,,,
435818.0,1,4358.0,30.0,Patiala,Punjab,30.200000000000003,76.3,,0.0,20.0,20.0,20.0,0.0,20.0,0.0,1.0,0.0,0.0,30,0.0,3900.0,,,,35.0,0.0,35.0,15.0,0.0,15.0,,,,,,,,,,20.0,0.0,20.0,,,
435819.0,1,4358.0,30.0,Patiala,Punjab,30.200000000000003,76.3,20.416409,2.5,5.0,7.5,5.0,2.5,7.5,1.0,0.0,0.0,0.0,13,0.0,0.0,,,,0.0,0.0,0.0,5.0,5.0,10.0,10.0,5.0,15.0,5.0,0.0,5.0,,,,,,,,,
435826.0,1,4358.0,30.0,Patiala,Punjab,30.200000000000003,76.3,20.537815,0.0,10.0,10.0,10.0,0.0,10.0,1.0,0.0,0.0,0.0,51,0.0,0.0,10.0,0.0,10.0,50.0,0.0,50.0,,,,5.0,0.0,5.0,,,,,,,10.0,0.0,10.0,,,
435832.0,1,4358.0,30.0,Patiala,Punjab,30.200000000000003,76.3,,0.0,2.5,2.5,2.5,0.0,2.5,1.0,0.0,0.0,0.0,15,0.0,0.0,,,,0.0,0.0,0.0,0.0,0.0,0.0,,,,5.0,0.0,5.0,5.0,0.0,5.0,,,,,,
435836.0,1,4358.0,30.0,Patiala,Punjab,30.200000000000003,76.3,20.173597,0.0,4.5,4.5,4.5,0.0,4.5,1.0,0.0,0.0,0.0,25,0.0,0.0,,,,0.0,0.0,0.0,,,,5.0,5.0,10.0,4.0,0.0,4.0,5.0,0.0,5.0,,,,,,
442701.0,1,4427.0,12.0,Patiala,Punjab,30.3,76.60000000000001,20.65922,0.0,20.0,20.0,20.0,0.0,20.0,0.0,1.0,0.0,0.0,44,0.0,3900.0,,,,10.0,0.0,10.0,20.0,0.0,20.0,35.0,0.0,35.0,20.0,0.0,20.0,,,,,,,,,
442706.0,1,4427.0,12.0,Patiala,Punjab,30.3,76.60000000000001,22.864758,2.0,10.0,10.0,10.0,2.0,10.0,1.0,0.0,0.0,0.0,25,0.0,0.0,,,,5.0,2.0,7.0,,,,20.0,5.0,25.0,,,,,,,10.0,0.0,10.0,,,
442709.0,1,4427.0,12.0,Patiala,Punjab,30.3,76.60000000000001,21.104374,0.0,0.0,0.0,0.0,0.0,0.0,1.0,0.0,0.0,0.0,43,0.0,0.0,,,,0.0,0.0,0.0,5.0,0.0,5.0,,,,,,,,,,0.0,0.0,0.0,,,
442710.0,1,4427.0,12.0,Patiala,Punjab,30.3,76.60000000000001,25.45475,0.0,2.5,2.5,2.5,0.0,2.5,1.0,0.0,0.0,0.0,7,0.0,0.0,,,,0.0,0.0,0.0,5.0,2.0,7.0,,,,3.0,0.0,3.0,2.0,0.0,2.0,,,,,,
442712.0,1,4427.0,12.0,Patiala,Punjab,30.3,76.60000000000001,8.963795,0.0,0.0,0.0,0.0,0.0,0.0,1.0,0.0,0.0,0.0,11,0.0,0.0,,,,0.0,0.0,0.0,0.0,0.0,0.0,,,,,,,,,,0.0,0.0,0.0,,,
442715.0,1,4427.0,12.0,Patiala,Punjab,30.3,76.60000000000001,,0.0,0.0,0.0,0.0,15.0,15.0,1.0,0.0,0.0,0.0,2,0.0,0.0,0.0,0.0,0.0,0.0,15.0,15.0,,,,,,,,,,0.0,0.0,0.0,0.0,50.0,50.0,,,
442719.0,1,4427.0,12.0,Patiala,Punjab,30.3,76.60000000000001,,0.0,0.0,0.0,0.0,0.0,0.0,1.0,0.0,0.0,0.0,2,0.0,0.0,,,,0.0,0.0,0.0,,,,0.0,0.0,0.0,0.0,0.0,0.0,0.0,0.0,0.0,,,,,,
442728.0,1,4427.0,12.0,Patiala,Punjab,30.3,76.60000000000001,20.780626,0.0,3.5,3.5,3.5,0.0,3.5,1.0,0.0,0.0,0.0,21,0.0,0.0,,,,5.0,0.0,5.0,,,,5.0,0.0,5.0,2.0,0.0,2.0,2.0,0.0,2.0,,,,,,
442737.0,1,4427.0,12.0,Patiala,Punjab,30.3,76.60000000000001,21.428123,0.0,0.0,0.0,0.0,0.0,0.0,1.0,0.0,0.0,0.0,24,0.0,0.0,,,,0.0,0.0,0.0,0.0,0.0,0.0,,,,,,,,,,0.0,0.0,0.0,,,
453502.0,1,4535.0,32.0,Patiala,Punjab,30.200000000000003,76.4,,0.0,12.5,12.5,12.5,0.0,12.5,1.0,0.0,0.0,0.0,19,0.0,0.0,,,,0.0,0.0,0.0,,,,20.0,0.0,20.0,10.0,0.0,10.0,15.0,0.0,15.0,,,,,,
453504.0,1,4535.0,32.0,Patiala,Punjab,30.200000000000003,76.4,18.979773,0.0,2.5,2.5,2.5,0.0,2.5,1.0,0.0,0.0,0.0,48,0.0,0.0,,,,0.0,0.0,0.0,0.0,0.0,0.0,,,,5.0,0.0,5.0,5.0,0.0,5.0,,,,,,
453518.0,1,4535.0,32.0,Patiala,Punjab,30.200000000000003,76.4,18.676258,0.0,10.0,10.0,10.0,0.0,10.0,1.0,0.0,0.0,0.0,6,0.0,0.0,,,,10.0,0.0,10.0,,,,5.0,0.0,5.0,,,,,,,10.0,0.0,10.0,,,
453527.0,1,4535.0,32.0,Patiala,Punjab,30.200000000000003,76.4,,0.0,0.0,0.0,0.0,0.0,0.0,1.0,0.0,0.0,0.0,5,0.0,0.0,,,,0.0,0.0,0.0,,,,,,,,,,0.0,0.0,0.0,0.0,0.0,0.0,,,
453530.0,1,4535.0,32.0,Patiala,Punjab,30.200000000000003,76.4,,0.0,0.0,0.0,0.0,0.0,0.0,1.0,0.0,0.0,0.0,5,0.0,0.0,,,,0.0,10.0,10.0,,,,0.0,0.0,0.0,0.0,0.0,0.0,0.0,0.0,0.0,,,,0.0,0.0,0.0
453606.0,1,4536.0,24.0,Patiala,Punjab,30.200000000000003,76.2,20.274769,0.0,0.0,0.0,0.0,0.0,0.0,1.0,0.0,0.0,0.0,4,0.0,0.0,,,,0.0,0.0,0.0,0.0,0.0,0.0,,,,,,,,,,0.0,0.0,0.0,,,
453609.0,1,4536.0,24.0,Patiala,Punjab,30.200000000000003,76.2,20.274769,0.0,5.0,5.0,5.0,0.0,5.0,1.0,0.0,0.0,0.0,15,0.0,0.0,,,,0.0,0.0,0.0,5.0,0.0,5.0,,,,,,,,,,20.0,0.0,20.0,,,
453611.0,1,4536.0,24.0,Patiala,Punjab,30.200000000000003,76.2,21.83281,0.0,0.0,0.0,0.0,0.0,0.0,1.0,0.0,0.0,0.0,2,0.0,0.0,,,,0.0,0.0,0.0,,,,0.0,0.0,0.0,,,,,,,10.0,0.0,10.0,,,
453615.0,1,4536.0,24.0,Patiala,Punjab,30.200000000000003,76.2,18.231104,2.5,1.5,4.0,1.5,2.5,4.0,1.0,0.0,0.0,0.0,83,0.0,0.0,,,,0.0,0.0,0.0,0.0,5.0,5.0,5.0,5.0,10.0,3.0,0.0,3.0,,,,,,,,,
453616.0,1,4536.0,24.0,Patiala,Punjab,30.200000000000003,76.2,23.411085,0.0,15.0,15.0,15.0,0.0,15.0,1.0,0.0,0.0,0.0,24,0.0,0.0,,,,15.0,0.0,15.0,20.0,0.0,20.0,,,,,,,,,,10.0,0.0,10.0,,,
453617.0,1,4536.0,24.0,Patiala,Punjab,30.200000000000003,76.2,20.153362,0.0,0.0,2.5,0.0,0.0,2.5,1.0,0.0,0.0,0.0,10,0.0,0.0,,,,0.0,0.0,0.0,,,,0.0,5.0,5.0,,,,0.0,0.0,0.0,5.0,0.0,5.0,,,
453618.0,1,4536.0,24.0,Patiala,Punjab,30.200000000000003,76.2,21.731638,0.0,11.0,11.0,11.0,0.0,11.0,1.0,0.0,0.0,0.0,22,0.0,0.0,,,,10.0,0.0,10.0,,,,20.0,0.0,20.0,12.0,0.0,12.0,10.0,0.0,10.0,,,,,,
453624.0,1,4536.0,24.0,Patiala,Punjab,30.200000000000003,76.2,21.22578,0.0,5.0,5.0,5.0,0.0,5.0,1.0,0.0,0.0,0.0,46,0.0,0.0,,,,0.0,0.0,0.0,,,,10.0,0.0,10.0,5.0,0.0,5.0,5.0,0.0,5.0,,,,,,
460704.0,1,4607.0,12.0,Patiala,Punjab,30.3,76.60000000000001,22.39937,0.0,4.0,4.0,4.0,0.0,4.0,1.0,0.0,0.0,0.0,52,0.0,0.0,,,,0.0,0.0,0.0,,,,,,,,,,4.0,0.0,4.0,5.0,0.0,5.0,,,
460709.0,1,4607.0,12.0,Patiala,Punjab,30.3,76.60000000000001,21.08414,0.0,0.0,0.0,0.0,0.0,0.0,1.0,0.0,0.0,0.0,11,0.0,0.0,,,,0.0,0.0,0.0,0.0,0.0,0.0,0.0,0.0,0.0,0.0,0.0,0.0,,,,,,,,,
460713.0,1,4607.0,12.0,Patiala,Punjab,30.3,76.60000000000001,22.702885,0.0,15.0,15.0,15.0,0.0,15.0,1.0,0.0,0.0,0.0,29,0.0,0.0,,,,0.0,0.0,0.0,,,,15.0,0.0,15.0,,,,,,,20.0,0.0,20.0,,,
460714.0,1,4607.0,12.0,Patiala,Punjab,30.3,76.60000000000001,22.156559,5.0,0.0,10.0,0.0,5.0,10.0,1.0,0.0,0.0,0.0,22,0.0,0.0,,,,0.0,0.0,0.0,,,,5.0,5.0,10.0,,,,,,,0.0,10.0,10.0,,,
460717.0,1,4607.0,12.0,Patiala,Punjab,30.3,76.60000000000001,23.188507,0.0,0.0,2.0,0.0,0.0,2.0,1.0,0.0,0.0,0.0,14,0.0,0.0,,,,0.0,0.0,0.0,,,,,,,,,,2.0,0.0,2.0,0.0,5.0,5.0,,,
460725.0,1,4607.0,12.0,Patiala,Punjab,30.3,76.60000000000001,22.419605,5.0,0.0,5.0,0.0,5.0,5.0,1.0,0.0,0.0,0.0,17,0.0,0.0,,,,0.0,0.0,0.0,,,,0.0,10.0,10.0,0.0,5.0,5.0,0.0,5.0,5.0,,,,,,
460731.0,1,4607.0,12.0,Patiala,Punjab,30.3,76.60000000000001,22.763588,0.0,40.0,40.0,15.0,0.0,20.0,0.0,1.0,0.0,0.0,49,0.0,0.0,40.0,0.0,40.0,0.0,0.0,0.0,25.0,0.0,25.0,,,,20.0,0.0,20.0,10.0,10.0,20.0,,,,,,
460734.0,1,4607.0,12.0,Patiala,Punjab,30.3,76.60000000000001,22.439838,0.0,2.5,2.5,2.5,0.0,2.5,1.0,0.0,0.0,0.0,40,0.0,0.0,,,,0.0,0.0,0.0,0.0,0.0,0.0,5.0,5.0,10.0,5.0,0.0,5.0,,,,,,,,,
460737.0,1,4607.0,12.0,Patiala,Punjab,30.3,76.60000000000001,22.460072,0.0,2.0,2.0,2.0,0.0,2.0,1.0,0.0,0.0,0.0,36,0.0,0.0,,,,0.0,0.0,0.0,0.0,0.0,0.0,,,,4.0,0.0,4.0,5.0,5.0,10.0,,,,,,
463102.0,1,4631.0,30.0,Patiala,Punjab,30.1,76.3,19.161882,0.0,0.0,0.0,0.0,0.0,0.0,1.0,0.0,0.0,0.0,24,0.0,0.0,,,,0.0,0.0,0.0,0.0,0.0,0.0,0.0,0.0,0.0,3.0,5.0,8.0,,,,,,,,,
463106.0,1,4631.0,30.0,Patiala,Punjab,30.1,76.3,,0.0,40.0,40.0,15.0,0.0,15.0,0.0,1.0,0.0,0.0,26,0.0,0.0,40.0,0.0,40.0,45.0,0.0,45.0,,,,,,,,,,10.0,0.0,10.0,15.0,0.0,15.0,,,
463108.0,1,4631.0,30.0,Patiala,Punjab,30.1,76.3,19.971254,0.0,10.0,10.0,15.0,0.0,15.0,1.0,0.0,0.0,0.0,59,0.0,0.0,10.0,0.0,10.0,25.0,0.0,25.0,,,,,,,,,,10.0,5.0,15.0,15.0,0.0,15.0,,,
463115.0,1,4631.0,30.0,Patiala,Punjab,30.1,76.3,,0.0,4.5,4.5,4.5,0.0,4.5,1.0,0.0,0.0,0.0,106,0.0,0.0,,,,0.0,0.0,0.0,,,,10.0,0.0,10.0,4.0,0.0,4.0,5.0,0.0,5.0,,,,,,
463119.0,1,4631.0,30.0,Patiala,Punjab,30.1,76.3,22.379135,0.0,20.0,20.0,20.0,0.0,20.0,0.0,1.0,0.0,0.0,32,0.0,0.0,,,,10.0,0.0,10.0,20.0,0.0,20.0,,,,,,,,,,20.0,0.0,20.0,,,
463132.0,1,4631.0,30.0,Patiala,Punjab,30.1,76.3,16.430252,0.0,0.0,0.0,0.0,0.0,0.0,1.0,0.0,0.0,0.0,4,0.0,0.0,,,,0.0,0.0,0.0,0.0,10.0,10.0,0.0,0.0,0.0,0.0,0.0,0.0,,,,,,,,,
463133.0,1,4631.0,30.0,Patiala,Punjab,30.1,76.3,11.169333,0.0,13.5,13.5,13.5,0.0,13.5,1.0,0.0,0.0,0.0,29,0.0,0.0,,,,0.0,0.0,0.0,20.0,0.0,20.0,,,,12.0,0.0,12.0,15.0,0.0,15.0,,,,,,
463134.0,1,4631.0,30.0,Patiala,Punjab,30.1,76.3,23.43132,0.0,5.0,5.0,5.0,0.0,5.0,1.0,0.0,0.0,0.0,9,0.0,0.0,,,,0.0,0.0,0.0,5.0,0.0,5.0,,,,,,,,,,10.0,0.0,10.0,,,
463708.0,1,4637.0,32.0,Patiala,Punjab,30.200000000000003,76.4,23.471786,0.0,10.0,10.0,10.0,0.0,10.0,1.0,0.0,0.0,0.0,17,0.0,0.0,,,,,,,,,,,,,,,,10.0,0.0,10.0,5.0,0.0,5.0,15.0,0.0,15.0
463712.0,1,4637.0,32.0,Patiala,Punjab,30.200000000000003,76.4,12.686907,0.0,2.5,2.5,2.5,0.0,2.5,1.0,0.0,0.0,0.0,56,0.0,0.0,,,,0.0,0.0,0.0,0.0,0.0,0.0,5.0,5.0,10.0,5.0,0.0,5.0,,,,,,,,,
463716.0,1,4637.0,32.0,Patiala,Punjab,30.200000000000003,76.4,,0.0,15.0,15.0,15.0,0.0,15.0,1.0,0.0,0.0,0.0,7,0.0,0.0,,,,15.0,0.0,15.0,,,,15.0,0.0,15.0,,,,,,,20.0,0.0,20.0,,,
463717.0,1,4637.0,32.0,Patiala,Punjab,30.200000000000003,76.4,8.255594,0.0,0.0,0.0,0.0,0.0,0.0,1.0,0.0,0.0,0.0,16,0.0,0.0,,,,0.0,0.0,0.0,0.0,0.0,0.0,,,,,,,,,,5.0,10.0,15.0,,,
463727.0,1,4637.0,32.0,Patiala,Punjab,30.200000000000003,76.4,,2.5,0.0,2.5,0.0,2.5,2.5,1.0,0.0,0.0,0.0,6,0.0,0.0,,,,0.0,0.0,0.0,0.0,0.0,0.0,,,,0.0,5.0,5.0,0.0,5.0,5.0,,,,,,
463730.0,1,4637.0,32.0,Patiala,Punjab,30.200000000000003,76.4,22.480309,0.0,2.0,2.0,2.0,0.0,2.0,1.0,0.0,0.0,0.0,45,0.0,0.0,,,,0.0,0.0,0.0,2.0,0.0,2.0,,,,,,,,,,5.0,0.0,5.0,,,
470604.0,1,4706.0,24.0,Patiala,Punjab,30.400000000000002,76.3,17.401497,0.0,4.5,4.5,4.5,0.0,4.5,1.0,0.0,0.0,0.0,56,0.0,0.0,,,,0.0,0.0,0.0,,,,10.0,5.0,15.0,4.0,0.0,4.0,5.0,0.0,5.0,,,,,,
470606.0,1,4706.0,24.0,Patiala,Punjab,30.400000000000002,76.3,17.705013,0.0,1.0,1.0,1.0,0.0,1.0,1.0,0.0,0.0,0.0,10,0.0,0.0,,,,0.0,0.0,0.0,0.0,0.0,0.0,5.0,0.0,5.0,2.0,0.0,2.0,,,,,,,,,
470609.0,1,4706.0,24.0,Patiala,Punjab,30.400000000000002,76.3,20.861565,0.0,10.0,10.0,10.0,0.0,10.0,1.0,0.0,0.0,0.0,63,0.0,0.0,,,,0.0,0.0,0.0,10.0,0.0,10.0,20.0,0.0,20.0,10.0,0.0,10.0,,,,,,,,,
470613.0,1,4706.0,24.0,Patiala,Punjab,30.400000000000002,76.3,11.371677,2.5,6.5,11.5,6.5,2.5,11.5,1.0,0.0,0.0,0.0,19,0.0,0.0,,,,5.0,0.0,5.0,,,,15.0,0.0,15.0,8.0,5.0,13.0,5.0,5.0,10.0,,,,,,
470620.0,1,4706.0,24.0,Patiala,Punjab,30.400000000000002,76.3,22.176792,2.5,10.0,15.0,10.0,2.5,15.0,1.0,0.0,0.0,0.0,26,0.0,0.0,,,,5.0,0.0,5.0,,,,15.0,0.0,15.0,10.0,5.0,15.0,10.0,5.0,15.0,,,,,,
470621.0,1,4706.0,24.0,Patiala,Punjab,30.400000000000002,76.3,22.095856,0.0,5.0,5.0,5.0,0.0,5.0,1.0,0.0,0.0,0.0,3,0.0,0.0,,,,0.0,0.0,0.0,,,,5.0,0.0,5.0,,,,,,,5.0,0.0,5.0,,,
470622.0,1,4706.0,24.0,Patiala,Punjab,30.400000000000002,76.3,20.780624,0.0,1.5,1.5,1.5,0.0,1.5,1.0,0.0,0.0,0.0,36,0.0,0.0,,,,0.0,0.0,0.0,0.0,0.0,0.0,,,,3.0,0.0,3.0,5.0,0.0,5.0,,,,,,
470624.0,1,4706.0,24.0,Patiala,Punjab,30.400000000000002,76.3,22.723118,0.0,2.5,5.0,2.5,0.0,5.0,1.0,0.0,0.0,0.0,6,0.0,0.0,,,,0.0,0.0,0.0,0.0,5.0,5.0,5.0,0.0,5.0,5.0,0.0,5.0,,,,,,,,,
470627.0,1,4706.0,24.0,Patiala,Punjab,30.400000000000002,76.3,,10.0,0.0,10.0,0.0,10.0,10.0,1.0,0.0,0.0,0.0,8,0.0,0.0,,,,0.0,10.0,10.0,,,,0.0,0.0,0.0,,,,,,,0.0,10.0,10.0,,,
470632.0,1,4706.0,24.0,Patiala,Punjab,30.400000000000002,76.3,13.273701,0.0,0.0,0.0,0.0,0.0,0.0,1.0,0.0,0.0,0.0,7,0.0,0.0,,,,0.0,0.0,0.0,0.0,0.0,0.0,0.0,0.0,0.0,0.0,0.0,0.0,,,,,,,,,
470635.0,1,4706.0,24.0,Patiala,Punjab,30.400000000000002,76.3,19.48563,0.0,10.0,10.0,10.0,0.0,10.0,1.0,0.0,0.0,0.0,12,0.0,0.0,,,,0.0,0.0,0.0,,,,,,,,,,10.0,0.0,10.0,10.0,0.0,10.0,,,
508701.0,1,5087.0,2.0,Sirsa,Haryana,29.6,75.0,23.512257,0.0,0.0,0.0,0.0,0.0,0.0,1.0,0.0,0.0,0.0,6,0.0,0.0,,,,0.0,0.0,0.0,8.0,3.0,11.0,,,,,,,0.0,0.0,0.0,0.0,0.0,0.0,,,
508703.0,1,5087.0,2.0,Sirsa,Haryana,29.6,75.0,19.829613,5.0,2.5,10.0,2.5,5.0,10.0,1.0,0.0,0.0,0.0,12,0.0,0.0,,,,0.0,0.0,0.0,11.0,5.0,16.0,5.0,5.0,10.0,0.0,10.0,10.0,,,,,,,,,
508707.0,1,5087.0,2.0,Sirsa,Haryana,29.6,75.0,24.018114,0.0,0.0,0.0,0.0,0.0,0.0,1.0,0.0,0.0,0.0,6,0.0,0.0,,,,0.0,0.0,0.0,6.0,3.0,9.0,,,,,,,,,,0.0,0.0,0.0,,,
508709.0,1,5087.0,2.0,Sirsa,Haryana,29.6,75.0,22.642181,0.0,0.0,0.0,0.0,0.0,0.0,1.0,0.0,0.0,0.0,2,0.0,0.0,,,,0.0,0.0,0.0,12.0,5.0,17.0,,,,0.0,0.0,0.0,0.0,0.0,0.0,,,,,,
508715.0,1,5087.0,2.0,Sirsa,Haryana,29.6,75.0,20.618752,0.0,0.0,0.0,0.0,0.0,0.0,1.0,0.0,0.0,0.0,17,0.0,0.0,,,,0.0,0.0,0.0,13.0,9.0,22.0,,,,,,,,,,0.0,0.0,0.0,,,
508717.0,1,5087.0,2.0,Sirsa,Haryana,29.6,75.0,20.679455,0.0,0.0,0.0,0.0,0.0,0.0,1.0,0.0,0.0,0.0,2,0.0,0.0,,,,0.0,0.0,0.0,11.0,4.0,15.0,,,,,,,,,,0.0,0.0,0.0,,,
508719.0,1,5087.0,2.0,Sirsa,Haryana,29.6,75.0,21.40789,0.0,0.0,0.0,0.0,0.0,0.0,1.0,0.0,0.0,0.0,9,0.0,0.0,,,,0.0,0.0,0.0,9.0,5.0,14.0,0.0,0.0,0.0,0.0,0.0,0.0,,,,,,,,,
508721.0,1,5087.0,2.0,Sirsa,Haryana,29.6,75.0,20.092659,5.0,0.0,5.5,0.0,5.0,5.5,1.0,0.0,0.0,0.0,8,0.0,0.0,,,,0.0,0.0,0.0,9.0,5.0,14.0,,,,0.0,6.0,6.0,0.0,5.0,5.0,,,,,,
508725.0,1,5087.0,2.0,Sirsa,Haryana,29.6,75.0,18.06923,0.0,10.0,10.0,10.0,0.0,10.0,1.0,0.0,0.0,0.0,5,0.0,0.0,,,,0.0,0.0,0.0,12.0,5.0,17.0,,,,10.0,0.0,10.0,10.0,0.0,10.0,,,,,,
508732.0,1,5087.0,2.0,Sirsa,Haryana,29.6,75.0,20.740158,4.0,2.5,6.5,2.5,4.0,6.5,1.0,0.0,0.0,0.0,24,0.0,0.0,,,,0.0,0.0,0.0,9.0,5.0,14.0,5.0,5.0,10.0,0.0,3.0,3.0,,,,,,,,,
508733.0,1,5087.0,2.0,Sirsa,Haryana,29.6,75.0,23.208742,0.0,0.0,0.0,0.0,0.0,0.0,1.0,0.0,0.0,0.0,25,0.0,0.0,,,,0.0,0.0,0.0,,,,0.0,0.0,0.0,,,,,,,0.0,0.0,0.0,,,
508734.0,1,5087.0,2.0,Sirsa,Haryana,29.6,75.0,20.37594,0.0,0.0,0.0,0.0,0.0,0.0,1.0,0.0,0.0,0.0,12,0.0,0.0,,,,0.0,0.0,0.0,,,,0.0,0.0,0.0,0.0,0.0,0.0,0.0,0.0,0.0,,,,,,
508742.0,1,5087.0,2.0,Sirsa,Haryana,29.6,75.0,,0.0,0.0,0.0,0.0,0.0,0.0,1.0,0.0,0.0,0.0,3,0.0,0.0,,,,0.0,0.0,0.0,,,,0.0,0.0,0.0,0.0,0.0,0.0,0.0,0.0,0.0,,,,,,
524406.0,1,5244.0,8.0,Sirsa,Haryana,29.8,74.8,20.90203,0.0,0.0,0.0,0.0,0.0,0.0,1.0,0.0,0.0,0.0,26,2259.2285,0.0,,,,0.0,0.0,0.0,,,,0.0,0.0,0.0,0.0,0.0,0.0,0.0,0.0,0.0,,,,,,
524411.0,1,5244.0,8.0,Sirsa,Haryana,29.8,74.8,21.165077,0.0,0.0,0.0,0.0,0.0,0.0,1.0,0.0,0.0,0.0,7,2259.2285,0.0,,,,0.0,0.0,0.0,7.0,3.0,10.0,,,,0.0,0.0,0.0,0.0,0.0,0.0,,,,,,
524412.0,1,5244.0,8.0,Sirsa,Haryana,29.8,74.8,19.728443,0.0,0.0,0.0,0.0,0.0,0.0,1.0,0.0,0.0,0.0,23,2259.2285,0.0,,,,0.0,0.0,0.0,10.0,4.0,14.0,0.0,0.0,0.0,0.0,0.0,0.0,,,,,,,,,
524416.0,1,5244.0,8.0,Sirsa,Haryana,29.8,74.8,22.86476,2.5,0.0,2.5,0.0,2.5,2.5,1.0,0.0,0.0,0.0,19,2259.2285,0.0,,,,0.0,0.0,0.0,12.0,5.0,17.0,0.0,5.0,5.0,0.0,0.0,0.0,,,,,,,,,
524420.0,1,5244.0,8.0,Sirsa,Haryana,29.8,74.8,16.268377,0.0,0.0,0.0,0.0,0.0,0.0,1.0,0.0,0.0,0.0,49,2259.2285,0.0,,,,0.0,0.0,0.0,,,,0.0,0.0,0.0,,,,,,,0.0,10.0,10.0,,,
524424.0,2,5244.0,8.0,Sirsa,Haryana,29.8,74.8,23.188507,0.0,0.0,0.0,0.0,0.0,0.0,1.0,0.0,0.0,0.0,48,2259.2285,0.0,,,,0.0,0.0,0.0,7.0,3.0,10.0,0.0,5.0,5.0,0.0,0.0,0.0,,,,0.0,0.0,0.0,,,
524425.0,1,5244.0,8.0,Sirsa,Haryana,29.8,74.8,18.534618,5.0,0.0,5.0,0.0,5.0,5.0,1.0,0.0,0.0,0.0,49,2259.2285,0.0,,,,0.0,0.0,0.0,15.0,7.0,22.0,,,,,,,,,,0.0,5.0,5.0,,,
524427.0,1,5244.0,8.0,Sirsa,Haryana,29.8,74.8,20.173597,2.5,0.0,2.5,0.0,2.5,2.5,1.0,0.0,0.0,0.0,6,2259.2285,0.0,,,,0.0,0.0,0.0,,,,0.0,5.0,5.0,0.0,3.0,3.0,0.0,2.0,2.0,,,,,,
524429.0,1,5244.0,8.0,Sirsa,Haryana,29.8,74.8,23.067102,5.0,0.0,5.0,0.0,5.0,5.0,1.0,0.0,0.0,0.0,20,2259.2285,0.0,,,,0.0,0.0,0.0,12.0,5.0,17.0,,,,,,,,,,0.0,5.0,5.0,,,
524432.0,1,5244.0,8.0,Sirsa,Haryana,29.8,74.8,18.676258,0.0,0.0,0.0,0.0,0.0,0.0,1.0,0.0,0.0,0.0,36,2259.2285,0.0,,,,0.0,0.0,0.0,,,,,,,,,,2.0,0.0,2.0,0.0,0.0,0.0,,,
524436.0,1,5244.0,8.0,Sirsa,Haryana,29.8,74.8,23.552725,0.0,0.0,0.0,0.0,0.0,0.0,1.0,0.0,0.0,0.0,4,2259.2285,0.0,,,,0.0,0.0,0.0,8.0,3.0,11.0,0.0,0.0,0.0,0.0,0.0,0.0,,,,,,,,,
524440.0,1,5244.0,8.0,Sirsa,Haryana,29.8,74.8,22.379135,5.0,0.0,16.0,0.0,5.0,16.0,1.0,0.0,0.0,0.0,3,2259.2285,0.0,,,,0.0,0.0,0.0,11.0,5.0,16.0,,,,,,,,,,0.0,20.0,20.0,,,
524444.0,1,5244.0,8.0,Sirsa,Haryana,29.8,74.8,24.301394,0.0,0.0,0.0,0.0,0.0,0.0,1.0,0.0,0.0,0.0,6,2259.2285,0.0,,,,0.0,0.0,0.0,,,,0.0,0.0,0.0,0.0,3.0,3.0,0.0,0.0,0.0,,,,,,
528803.0,1,5288.0,8.0,Sirsa,Haryana,29.8,74.8,21.124609,0.0,2.5,2.5,2.5,0.0,2.5,1.0,0.0,0.0,0.0,44,2259.2285,0.0,,,,5.0,0.0,5.0,9.0,5.0,14.0,,,,0.0,0.0,0.0,0.0,0.0,0.0,,,,,,
528809.0,1,5288.0,8.0,Sirsa,Haryana,29.8,74.8,20.598518,0.0,0.0,0.0,0.0,0.0,0.0,1.0,0.0,0.0,0.0,5,2259.2285,0.0,,,,0.0,0.0,0.0,7.0,5.0,12.0,,,,0.0,0.0,0.0,0.0,0.0,0.0,,,,,,
528812.0,1,5288.0,8.0,Sirsa,Haryana,29.8,74.8,13.010654,0.0,0.0,0.0,0.0,0.0,0.0,1.0,0.0,0.0,0.0,5,2259.2285,0.0,,,,0.0,0.0,0.0,,,,,,,,,,0.0,0.0,0.0,0.0,0.0,0.0,,,
528814.0,1,5288.0,8.0,Sirsa,Haryana,29.8,74.8,21.853043,0.0,0.0,0.0,0.0,0.0,0.0,1.0,0.0,0.0,0.0,15,2259.2285,0.0,,,,25.0,0.0,25.0,,,,0.0,0.0,0.0,0.0,0.0,0.0,0.0,0.0,0.0,0.0,10.0,10.0,,,
528820.0,1,5288.0,8.0,Sirsa,Haryana,29.8,74.8,,0.0,0.0,0.0,0.0,0.0,0.0,1.0,0.0,0.0,0.0,15,2259.2285,0.0,,,,0.0,0.0,0.0,,,,,,,,,,0.0,0.0,0.0,0.0,0.0,0.0,,,
528822.0,1,5288.0,8.0,Sirsa,Haryana,29.8,74.8,20.780626,0.0,0.0,0.0,0.0,0.0,0.0,1.0,0.0,0.0,0.0,17,2259.2285,0.0,,,,0.0,0.0,0.0,,,,0.0,0.0,0.0,,,,,,,0.0,0.0,0.0,,,
528823.0,1,5288.0,8.0,Sirsa,Haryana,29.8,74.8,19.10118,0.0,0.0,0.0,0.0,0.0,0.0,1.0,0.0,0.0,0.0,3,2259.2285,0.0,,,,15.0,0.0,15.0,,,,,,,,,,0.0,0.0,0.0,0.0,0.0,0.0,,,
528826.0,1,5288.0,8.0,Sirsa,Haryana,29.8,74.8,,0.0,0.0,0.0,0.0,0.0,0.0,1.0,0.0,0.0,0.0,7,2259.2285,0.0,,,,0.0,0.0,0.0,,,,0.0,0.0,0.0,,,,,,,0.0,0.0,0.0,,,
528827.0,1,5288.0,8.0,Sirsa,Haryana,29.8,74.8,22.86476,0.0,5.0,5.0,5.0,0.0,5.0,1.0,0.0,0.0,0.0,51,2259.2285,0.0,,,,15.0,0.0,15.0,,,,5.0,0.0,5.0,3.0,0.0,3.0,5.0,0.0,5.0,,,,,,
533414.0,1,5334.0,35.0,Sirsa,Haryana,29.5,75.0,18.1097,0.0,0.0,0.0,0.0,0.0,0.0,1.0,0.0,0.0,0.0,6,3382.0005,0.0,,,,5.0,0.0,5.0,,,,,,,,,,0.0,0.0,0.0,0.0,0.0,0.0,,,
533415.0,1,5334.0,35.0,Sirsa,Haryana,29.5,75.0,21.812576,0.0,0.0,0.0,0.0,0.0,0.0,1.0,0.0,0.0,0.0,2,3382.0005,0.0,,,,0.0,0.0,0.0,,,,0.0,0.0,0.0,0.0,3.0,3.0,0.0,0.0,0.0,,,,,,
533416.0,1,5334.0,35.0,Sirsa,Haryana,29.5,75.0,17.64431,0.0,2.5,2.5,2.5,0.0,2.5,1.0,0.0,0.0,0.0,13,3382.0005,0.0,,,,0.0,0.0,0.0,13.0,4.0,17.0,0.0,0.0,0.0,5.0,0.0,5.0,,,,,,,,,
533432.0,1,5334.0,35.0,Sirsa,Haryana,29.5,75.0,17.300327,0.0,0.0,5.0,0.0,0.0,5.0,1.0,0.0,0.0,0.0,8,3382.0005,0.0,,,,5.0,0.0,5.0,,,,0.0,0.0,0.0,,,,,,,0.0,10.0,10.0,,,
533433.0,1,5334.0,35.0,Sirsa,Haryana,29.5,75.0,19.789146,0.0,0.0,0.0,0.0,0.0,0.0,1.0,0.0,0.0,0.0,7,3382.0005,0.0,,,,0.0,0.0,0.0,,,,0.0,0.0,0.0,0.0,0.0,0.0,0.0,5.0,5.0,,,,,,
533437.0,1,5334.0,35.0,Sirsa,Haryana,29.5,75.0,22.500542,2.0,0.0,7.0,0.0,2.0,7.0,1.0,0.0,0.0,0.0,27,3382.0005,0.0,,,,0.0,0.0,0.0,5.0,2.0,7.0,,,,,,,,,,0.0,10.0,10.0,,,
533438.0,1,5334.0,35.0,Sirsa,Haryana,29.5,75.0,12.686906,0.0,0.0,0.0,0.0,0.0,0.0,1.0,0.0,0.0,0.0,22,3382.0005,0.0,,,,0.0,0.0,0.0,,,,0.0,0.0,0.0,0.0,0.0,0.0,0.0,0.0,0.0,,,,,,
533440.0,1,5334.0,35.0,Sirsa,Haryana,29.5,75.0,24.119286,0.0,0.0,0.0,0.0,0.0,0.0,1.0,0.0,0.0,0.0,6,3382.0005,0.0,,,,0.0,0.0,0.0,9.0,4.0,13.0,0.0,0.0,0.0,0.0,0.0,0.0,,,,,,,,,
533441.0,1,5334.0,35.0,Sirsa,Haryana,29.5,75.0,22.783821,0.0,0.0,0.0,0.0,0.0,0.0,1.0,0.0,0.0,0.0,2,3382.0005,0.0,,,,0.0,0.0,0.0,8.0,4.0,12.0,,,,0.0,0.0,0.0,0.0,0.0,0.0,,,,,,
552702.0,1,5527.0,35.0,Sirsa,Haryana,29.5,75.0,20.335472,8.5,0.0,11.0,0.0,8.5,11.0,1.0,0.0,0.0,0.0,8,3382.0005,0.0,,,,0.0,0.0,0.0,11.0,7.0,18.0,,,,0.0,12.0,12.0,0.0,10.0,10.0,,,,,,
552720.0,1,5527.0,35.0,Sirsa,Haryana,29.5,75.0,20.760391,0.0,10.0,10.0,10.0,0.0,10.0,1.0,0.0,0.0,0.0,6,3382.0005,0.0,,,,0.0,0.0,0.0,,,,10.0,0.0,10.0,,,,,,,20.0,0.0,20.0,,,
552726.0,1,5527.0,35.0,Sirsa,Haryana,29.5,75.0,12.666672,0.0,0.0,0.0,0.0,0.0,0.0,1.0,0.0,0.0,0.0,9,3382.0005,0.0,,,,0.0,0.0,0.0,,,,,,,,,,0.0,0.0,0.0,0.0,10.0,10.0,,,
552728.0,1,5527.0,35.0,Sirsa,Haryana,29.5,75.0,,3.0,0.0,10.0,0.0,3.0,10.0,1.0,0.0,0.0,0.0,5,3382.0005,0.0,,,,0.0,0.0,0.0,9.0,3.0,12.0,,,,,,,,,,0.0,10.0,10.0,,,
552736.0,1,5527.0,35.0,Sirsa,Haryana,29.5,75.0,16.99681,80.0,0.0,80.0,22.0,15.0,80.0,1.0,0.0,0.0,0.0,4,3382.0005,0.0,0.0,80.0,80.0,100.0,0.0,100.0,22.0,15.0,37.0,,,,,,,,,,0.0,80.0,80.0,,,
554701.0,1,5547.0,2.0,Sirsa,Haryana,29.6,75.0,13.051123,0.0,0.0,0.0,0.0,0.0,0.0,1.0,0.0,0.0,0.0,38,0.0,0.0,,,,0.0,0.0,0.0,,,,0.0,0.0,0.0,,,,,,,0.0,0.0,0.0,,,
554703.0,1,5547.0,2.0,Sirsa,Haryana,29.6,75.0,22.116089,0.0,0.0,0.0,0.0,0.0,0.0,1.0,0.0,0.0,0.0,4,0.0,0.0,,,,0.0,0.0,0.0,,,,,,,,,,0.0,0.0,0.0,0.0,0.0,0.0,,,
554708.0,1,5547.0,2.0,Sirsa,Haryana,29.6,75.0,22.884995,0.0,0.0,0.0,0.0,0.0,0.0,1.0,0.0,0.0,0.0,45,0.0,0.0,,,,0.0,0.0,0.0,9.0,2.0,11.0,,,,0.0,0.0,0.0,0.0,0.0,0.0,,,,,,
554710.0,1,5547.0,2.0,Sirsa,Haryana,29.6,75.0,20.072426,0.0,0.0,0.0,0.0,0.0,0.0,1.0,0.0,0.0,0.0,8,0.0,0.0,,,,0.0,0.0,0.0,,,,0.0,0.0,0.0,,,,,,,0.0,0.0,0.0,,,
554717.0,1,5547.0,2.0,Sirsa,Haryana,29.6,75.0,18.878601,4.0,0.0,10.0,0.0,4.0,10.0,1.0,0.0,0.0,0.0,16,0.0,0.0,,,,0.0,0.0,0.0,9.0,4.0,13.0,,,,,,,,,,0.0,10.0,10.0,,,
554722.0,1,5547.0,2.0,Sirsa,Haryana,29.6,75.0,22.39937,0.0,5.0,5.0,5.0,0.0,5.0,1.0,0.0,0.0,0.0,21,0.0,0.0,,,,0.0,0.0,0.0,,,,,,,,,,5.0,0.0,5.0,20.0,0.0,20.0,,,
554723.0,1,5547.0,2.0,Sirsa,Haryana,29.6,75.0,19.728443,2.5,4.5,7.5,4.5,2.5,7.5,1.0,0.0,0.0,0.0,4,0.0,0.0,,,,0.0,0.0,0.0,,,,5.0,0.0,5.0,4.0,8.0,12.0,5.0,5.0,10.0,,,,,,
554727.0,1,5547.0,2.0,Sirsa,Haryana,29.6,75.0,16.834938,0.0,0.0,0.0,0.0,0.0,0.0,1.0,0.0,0.0,0.0,29,0.0,0.0,,,,0.0,0.0,0.0,11.0,5.0,16.0,,,,0.0,0.0,0.0,0.0,0.0,0.0,,,,,,
554730.0,1,5547.0,2.0,Sirsa,Haryana,29.6,75.0,20.072426,0.0,0.0,0.0,0.0,0.0,0.0,1.0,0.0,0.0,0.0,17,0.0,0.0,,,,0.0,0.0,0.0,,,,0.0,0.0,0.0,,,,,,,0.0,0.0,0.0,,,
554738.0,1,5547.0,2.0,Sirsa,Haryana,29.6,75.0,19.76891,0.0,30.0,30.0,30.0,0.0,30.0,0.0,1.0,0.0,0.0,24,0.0,3900.0,,,,10.0,0.0,10.0,,,,30.0,0.0,30.0,35.0,0.0,35.0,30.0,0.0,30.0,,,,,,
554739.0,1,5547.0,2.0,Sirsa,Haryana,29.6,75.0,18.06923,0.0,0.0,0.0,0.0,0.0,0.0,1.0,0.0,0.0,0.0,13,0.0,0.0,,,,0.0,0.0,0.0,,,,,,,,,,0.0,0.0,0.0,0.0,0.0,0.0,,,
554741.0,2,5547.0,2.0,Sirsa,Haryana,29.6,75.0,,0.0,0.0,0.0,0.0,0.0,0.0,1.0,0.0,0.0,0.0,7,0.0,0.0,,,,0.0,0.0,0.0,,,,0.0,0.0,0.0,,,,,,,0.0,0.0,0.0,,,
602312.0,1,6023.0,21.0,Yamananagar,Haryana,30.200000000000003,77.2,20.881798,1.0,6.5,7.5,6.5,1.0,7.5,1.0,0.0,0.0,0.0,33,0.0,0.0,,,,0.0,0.0,0.0,,,,5.0,0.0,5.0,8.0,2.0,10.0,8.0,2.0,10.0,,,,,,
602313.0,1,6023.0,21.0,Yamananagar,Haryana,30.200000000000003,77.2,10.764648,2.5,0.0,2.5,0.0,2.5,2.5,1.0,0.0,0.0,0.0,40,0.0,0.0,,,,0.0,0.0,0.0,8.0,5.0,13.0,0.0,0.0,0.0,0.0,5.0,5.0,,,,,,,,,
602315.0,1,6023.0,21.0,Yamananagar,Haryana,30.200000000000003,77.2,20.821095,0.0,0.0,0.0,0.0,0.0,0.0,1.0,0.0,0.0,0.0,11,0.0,0.0,,,,0.0,0.0,0.0,5.0,3.0,8.0,5.0,0.0,5.0,0.0,0.0,0.0,0.0,0.0,0.0,,,,,,
602317.0,1,6023.0,21.0,Yamananagar,Haryana,30.200000000000003,77.2,20.760391,0.0,0.0,0.0,0.0,80.0,80.0,1.0,0.0,0.0,0.0,11,0.0,0.0,0.0,0.0,0.0,98.0,0.0,98.0,,,,,,,,,,0.0,80.0,80.0,0.0,80.0,80.0,,,
602328.0,1,6023.0,21.0,Yamananagar,Haryana,30.200000000000003,77.2,16.126738,0.0,0.0,0.0,0.0,0.0,0.0,1.0,0.0,0.0,0.0,18,0.0,0.0,,,,0.0,0.0,0.0,7.0,0.0,7.0,,,,0.0,0.0,0.0,0.0,0.0,0.0,,,,,,
602331.0,1,6023.0,21.0,Yamananagar,Haryana,30.200000000000003,77.2,20.497345,0.0,0.0,2.5,0.0,0.0,2.5,1.0,0.0,0.0,0.0,17,0.0,0.0,,,,0.0,0.0,0.0,,,,0.0,0.0,0.0,,,,,,,10.0,0.0,10.0,0.0,5.0,5.0
604702.0,1,6047.0,21.0,Yamananagar,Haryana,30.3,77.30000000000001,20.760391,0.0,5.0,5.0,15.0,0.0,15.0,1.0,0.0,0.0,0.0,18,0.0,0.0,5.0,0.0,5.0,90.0,0.0,90.0,,,,,,,,,,15.0,0.0,15.0,5.0,0.0,5.0,,,
604706.0,1,6047.0,21.0,Yamananagar,Haryana,30.3,77.30000000000001,17.158688,0.0,0.0,0.0,0.0,0.0,0.0,1.0,0.0,0.0,0.0,27,0.0,0.0,,,,0.0,0.0,0.0,,,,,,,,,,0.0,0.0,0.0,5.0,0.0,5.0,,,
604708.0,2,6047.0,21.0,Yamananagar,Haryana,30.3,77.30000000000001,22.864758,3.0,0.0,5.0,0.0,3.0,5.0,1.0,0.0,0.0,0.0,12,0.0,0.0,,,,0.0,0.0,0.0,6.0,3.0,9.0,,,,0.0,6.0,6.0,0.0,5.0,5.0,0.0,0.0,0.0,,,
604709.0,1,6047.0,21.0,Yamananagar,Haryana,30.3,77.30000000000001,23.451553,0.0,0.0,0.0,0.0,0.0,0.0,1.0,0.0,0.0,0.0,10,0.0,0.0,,,,0.0,0.0,0.0,7.0,4.0,11.0,,,,0.0,0.0,0.0,0.0,0.0,0.0,,,,,,
604713.0,1,6047.0,21.0,Yamananagar,Haryana,30.3,77.30000000000001,24.018114,0.0,0.0,0.0,0.0,0.0,0.0,1.0,0.0,0.0,0.0,19,0.0,0.0,,,,0.0,0.0,0.0,,,,0.0,0.0,0.0,,,,,,,0.0,0.0,0.0,,,
604717.0,1,6047.0,21.0,Yamananagar,Haryana,30.3,77.30000000000001,17.381264,0.0,0.0,0.0,0.0,0.0,0.0,1.0,0.0,0.0,0.0,48,0.0,0.0,,,,0.0,0.0,0.0,,,,,,,,,,0.0,10.0,10.0,0.0,0.0,0.0,,,
604720.0,1,6047.0,21.0,Yamananagar,Haryana,30.3,77.30000000000001,,0.0,0.0,0.0,0.0,0.0,0.0,1.0,0.0,0.0,0.0,21,0.0,0.0,,,,0.0,0.0,0.0,,,,0.0,0.0,0.0,0.0,0.0,0.0,0.0,0.0,0.0,,,,,,
604727.0,1,6047.0,21.0,Yamananagar,Haryana,30.3,77.30000000000001,17.887121,0.0,0.0,0.0,0.0,0.0,0.0,1.0,0.0,0.0,0.0,28,0.0,0.0,,,,0.0,0.0,0.0,,,,0.0,0.0,0.0,,,,,,,5.0,0.0,5.0,,,
604728.0,1,6047.0,21.0,Yamananagar,Haryana,30.3,77.30000000000001,,2.5,0.0,2.5,0.0,2.5,2.5,1.0,0.0,0.0,0.0,4,0.0,0.0,,,,0.0,0.0,0.0,4.0,6.0,10.0,,,,0.0,0.0,0.0,0.0,5.0,5.0,,,,,,
608102.0,1,6081.0,21.0,Yamananagar,Haryana,30.200000000000003,77.30000000000001,19.971254,5.0,2.5,11.0,2.5,5.0,11.0,1.0,0.0,0.0,0.0,9,0.0,0.0,,,,0.0,0.0,0.0,11.0,5.0,16.0,,,,0.0,12.0,12.0,5.0,5.0,10.0,,,,,,
608105.0,1,6081.0,21.0,Yamananagar,Haryana,30.200000000000003,77.30000000000001,,0.0,0.0,0.0,0.0,0.0,0.0,1.0,0.0,0.0,0.0,3,0.0,0.0,,,,0.0,0.0,0.0,10.0,9.0,19.0,,,,,,,,,,0.0,0.0,0.0,,,
608108.0,1,6081.0,21.0,Yamananagar,Haryana,30.200000000000003,77.30000000000001,21.286484,0.0,0.0,0.0,0.0,0.0,0.0,1.0,0.0,0.0,0.0,24,0.0,0.0,,,,0.0,0.0,0.0,7.0,5.0,12.0,,,,,,,,,,0.0,0.0,0.0,,,
608117.0,1,6081.0,21.0,Yamananagar,Haryana,30.200000000000003,77.30000000000001,18.413214,0.0,0.0,0.0,0.0,0.0,0.0,1.0,0.0,0.0,0.0,7,0.0,0.0,,,,0.0,0.0,0.0,,,,0.0,0.0,0.0,,,,,,,0.0,10.0,10.0,,,
608120.0,1,6081.0,21.0,Yamananagar,Haryana,30.200000000000003,77.30000000000001,,0.0,0.0,1.0,0.0,0.0,1.0,1.0,0.0,0.0,0.0,30,0.0,0.0,,,,0.0,0.0,0.0,,,,5.0,0.0,5.0,0.0,2.0,2.0,0.0,0.0,0.0,,,,,,
608133.0,1,6081.0,21.0,Yamananagar,Haryana,30.200000000000003,77.30000000000001,22.804056,2.0,0.0,2.5,0.0,2.0,2.5,1.0,0.0,0.0,0.0,11,0.0,0.0,,,,0.0,0.0,0.0,7.0,4.0,11.0,0.0,0.0,0.0,0.0,5.0,5.0,,,,,,,,,
608134.0,1,6081.0,21.0,Yamananagar,Haryana,30.200000000000003,77.30000000000001,,4.0,0.0,5.0,0.0,4.0,5.0,1.0,0.0,0.0,0.0,26,0.0,0.0,,,,0.0,0.0,0.0,5.0,4.0,9.0,,,,,,,,,,0.0,5.0,5.0,,,
608135.0,1,6081.0,21.0,Yamananagar,Haryana,30.200000000000003,77.30000000000001,22.358902,2.5,4.0,8.0,4.0,2.5,8.0,1.0,0.0,0.0,0.0,7,0.0,0.0,,,,0.0,0.0,0.0,8.0,5.0,13.0,5.0,0.0,5.0,3.0,8.0,11.0,,,,,,,,,
614501.0,1,6145.0,7.0,Yamananagar,Haryana,30.3,77.30000000000001,24.018114,0.0,9.5,12.0,9.5,0.0,12.0,1.0,0.0,0.0,0.0,23,0.0,0.0,,,,0.0,0.0,0.0,9.0,5.0,14.0,10.0,0.0,10.0,15.0,0.0,15.0,,,,,,,,,
614503.0,1,6145.0,7.0,Yamananagar,Haryana,30.3,77.30000000000001,23.370617,0.0,0.0,0.0,0.0,0.0,0.0,1.0,0.0,0.0,0.0,24,0.0,0.0,,,,0.0,0.0,0.0,,,,0.0,0.0,0.0,,,,0.0,0.0,0.0,,,,0.0,0.0,0.0
614510.0,1,6145.0,7.0,Yamananagar,Haryana,30.3,77.30000000000001,,0.0,7.5,9.5,7.5,0.0,9.5,1.0,0.0,0.0,0.0,85,0.0,0.0,,,,0.0,0.0,0.0,7.0,4.0,11.0,15.0,0.0,15.0,8.0,0.0,8.0,,,,,,,,,
614512.0,1,6145.0,7.0,Yamananagar,Haryana,30.3,77.30000000000001,12.120346,7.0,0.0,10.0,0.0,7.0,10.0,1.0,0.0,0.0,0.0,9,0.0,0.0,,,,0.0,0.0,0.0,14.0,7.0,21.0,,,,,,,,,,0.0,10.0,10.0,,,
614515.0,1,6145.0,7.0,Yamananagar,Haryana,30.3,77.30000000000001,,0.0,4.0,4.0,4.0,0.0,4.0,1.0,0.0,0.0,0.0,11,0.0,0.0,,,,0.0,0.0,0.0,11.0,5.0,16.0,,,,,,,,,,4.0,0.0,4.0,,,
614522.0,1,6145.0,7.0,Yamananagar,Haryana,30.3,77.30000000000001,23.997879,0.0,0.0,0.0,0.0,0.0,0.0,1.0,0.0,0.0,0.0,5,0.0,0.0,,,,0.0,0.0,0.0,,,,0.0,0.0,0.0,0.0,5.0,5.0,0.0,0.0,0.0,,,,,,
614525.0,1,6145.0,7.0,Yamananagar,Haryana,30.3,77.30000000000001,24.099052,0.0,10.0,10.0,10.0,0.0,10.0,1.0,0.0,0.0,0.0,14,0.0,0.0,,,,0.0,0.0,0.0,11.0,4.0,15.0,,,,,,,,,,10.0,0.0,10.0,,,
637103.0,1,6371.0,21.0,Yamananagar,Haryana,30.200000000000003,77.30000000000001,21.792341,0.0,0.0,0.0,0.0,0.0,0.0,1.0,0.0,0.0,0.0,7,0.0,0.0,,,,0.0,0.0,0.0,,,,0.0,0.0,0.0,0.0,0.0,0.0,0.0,0.0,0.0,,,,,,
637105.0,1,6371.0,21.0,Yamananagar,Haryana,30.200000000000003,77.30000000000001,15.883925,0.0,0.0,3.0,0.0,0.0,3.0,1.0,0.0,0.0,0.0,75,0.0,0.0,,,,0.0,0.0,0.0,6.0,0.0,6.0,,,,0.0,8.0,8.0,0.0,0.0,0.0,,,,,,
637106.0,1,6371.0,21.0,Yamananagar,Haryana,30.200000000000003,77.30000000000001,23.350384,0.0,0.0,0.0,0.0,0.0,0.0,1.0,0.0,0.0,0.0,8,0.0,0.0,,,,0.0,0.0,0.0,,,,0.0,0.0,0.0,,,,,,,5.0,0.0,5.0,,,
637109.0,1,6371.0,21.0,Yamananagar,Haryana,30.200000000000003,77.30000000000001,19.849848,0.0,0.0,0.0,0.0,0.0,0.0,1.0,0.0,0.0,0.0,5,0.0,0.0,,,,0.0,0.0,0.0,,,,5.0,0.0,5.0,0.0,0.0,0.0,0.0,0.0,0.0,,,,,,
637111.0,1,6371.0,21.0,Yamananagar,Haryana,30.200000000000003,77.30000000000001,21.326952,0.0,0.0,0.0,0.0,0.0,0.0,1.0,0.0,0.0,0.0,12,0.0,0.0,,,,0.0,0.0,0.0,9.0,5.0,14.0,,,,0.0,0.0,0.0,0.0,0.0,0.0,,,,,,
637114.0,1,6371.0,21.0,Yamananagar,Haryana,30.200000000000003,77.30000000000001,20.679455,0.0,0.0,0.0,0.0,0.0,0.0,1.0,0.0,0.0,0.0,22,0.0,0.0,,,,0.0,0.0,0.0,,,,,,,,,,0.0,5.0,5.0,0.0,0.0,0.0,,,
637122.0,1,6371.0,21.0,Yamananagar,Haryana,30.200000000000003,77.30000000000001,15.195959,0.0,0.0,0.0,0.0,0.0,0.0,1.0,0.0,0.0,0.0,20,0.0,0.0,,,,0.0,0.0,0.0,,,,0.0,0.0,0.0,,,,,,,10.0,10.0,20.0,,,
644702.0,1,6447.0,7.0,Yamananagar,Haryana,30.200000000000003,77.4,22.723118,0.0,25.0,25.0,25.0,0.0,25.0,0.0,1.0,0.0,0.0,2,2806.3606,3900.0,,,,25.0,0.0,25.0,,,,10.0,0.0,10.0,,,,,,,30.0,0.0,30.0,,,
644732.0,1,6447.0,7.0,Yamananagar,Haryana,30.200000000000003,77.4,,0.0,0.0,0.0,0.0,0.0,0.0,1.0,0.0,0.0,0.0,11,2806.3606,0.0,,,,0.0,0.0,0.0,,,,0.0,0.0,0.0,0.0,0.0,0.0,0.0,0.0,0.0,,,,,,
660803.0,1,6608.0,21.0,Yamananagar,Haryana,30.200000000000003,77.2,17.684778,0.0,0.0,0.0,0.0,0.0,0.0,1.0,0.0,0.0,0.0,22,0.0,0.0,,,,0.0,0.0,0.0,,,,0.0,0.0,0.0,0.0,0.0,0.0,0.0,0.0,0.0,,,,,,
660804.0,1,6608.0,21.0,Yamananagar,Haryana,30.200000000000003,77.2,23.0064,0.0,0.0,0.0,0.0,0.0,0.0,1.0,0.0,0.0,0.0,10,0.0,0.0,,,,0.0,0.0,0.0,,,,,,,,,,0.0,0.0,0.0,0.0,10.0,10.0,,,
660806.0,1,6608.0,21.0,Yamananagar,Haryana,30.200000000000003,77.2,,10.0,10.0,20.0,10.0,10.0,20.0,1.0,0.0,0.0,0.0,35,0.0,0.0,,,,0.0,0.0,0.0,12.0,11.0,23.0,,,,,,,,,,10.0,10.0,20.0,,,
660809.0,1,6608.0,21.0,Yamananagar,Haryana,30.200000000000003,77.2,,0.0,2.5,5.0,2.5,0.0,5.0,1.0,0.0,0.0,0.0,113,0.0,0.0,,,,0.0,0.0,0.0,,,,0.0,0.0,0.0,,,,,,,10.0,0.0,10.0,5.0,5.0,10.0
660810.0,1,6608.0,21.0,Yamananagar,Haryana,30.200000000000003,77.2,22.561245,0.0,11.0,17.0,11.0,0.0,17.0,1.0,0.0,0.0,0.0,28,0.0,0.0,,,,0.0,0.0,0.0,11.0,6.0,17.0,,,,,,,,,,20.0,0.0,20.0,,,
660811.0,1,6608.0,21.0,Yamananagar,Haryana,30.200000000000003,77.2,17.4622,0.0,5.0,6.0,5.0,0.0,6.0,1.0,0.0,0.0,0.0,20,0.0,0.0,,,,0.0,0.0,0.0,,,,10.0,0.0,10.0,5.0,2.0,7.0,5.0,0.0,5.0,,,,,,
660818.0,1,6608.0,21.0,Yamananagar,Haryana,30.200000000000003,77.2,21.40789,0.0,0.0,0.0,0.0,0.0,0.0,1.0,0.0,0.0,0.0,30,0.0,0.0,,,,0.0,0.0,0.0,8.0,5.0,13.0,,,,0.0,0.0,0.0,0.0,0.0,0.0,,,,,,
660821.0,1,6608.0,21.0,Yamananagar,Haryana,30.200000000000003,77.2,,3.0,5.0,12.0,5.0,3.0,12.0,1.0,0.0,0.0,0.0,30,0.0,0.0,,,,0.0,0.0,0.0,13.0,6.0,19.0,5.0,0.0,5.0,5.0,15.0,20.0,,,,,,,,,
660825.0,1,6608.0,21.0,Yamananagar,Haryana,30.200000000000003,77.2,,0.0,0.0,0.0,0.0,0.0,0.0,1.0,0.0,0.0,0.0,4,0.0,0.0,,,,0.0,0.0,0.0,5.0,3.0,8.0,,,,,,,,,,0.0,0.0,0.0,,,
667801.0,1,6678.0,13.0,Yamananagar,Haryana,30.200000000000003,77.4,,0.0,0.0,0.0,0.0,0.0,0.0,1.0,0.0,0.0,0.0,10,2806.3606,0.0,,,,0.0,0.0,0.0,,,,,,,,,,0.0,0.0,0.0,0.0,10.0,10.0,,,
667804.0,1,6678.0,13.0,Yamananagar,Haryana,30.200000000000003,77.4,11.877535,0.0,0.0,0.0,0.0,0.0,0.0,1.0,0.0,0.0,0.0,15,2806.3606,0.0,,,,0.0,0.0,0.0,,,,0.0,0.0,0.0,0.0,0.0,0.0,0.0,0.0,0.0,,,,,,
667811.0,1,6678.0,13.0,Yamananagar,Haryana,30.200000000000003,77.4,,0.0,0.0,0.0,0.0,0.0,0.0,1.0,0.0,0.0,0.0,26,2806.3606,0.0,,,,0.0,0.0,0.0,7.0,3.0,10.0,,,,0.0,0.0,0.0,0.0,0.0,0.0,,,,,,
667813.0,1,6678.0,13.0,Yamananagar,Haryana,30.200000000000003,77.4,12.484564,0.0,2.5,2.5,2.5,0.0,2.5,1.0,0.0,0.0,0.0,3,2806.3606,0.0,,,,5.0,0.0,5.0,9.0,5.0,14.0,0.0,0.0,0.0,0.0,0.0,0.0,,,,,,,,,
667814.0,1,6678.0,13.0,Yamananagar,Haryana,30.200000000000003,77.4,11.351442,0.0,0.0,0.0,4.0,0.0,6.0,1.0,0.0,0.0,0.0,22,2806.3606,0.0,0.0,0.0,0.0,60.0,0.0,60.0,6.0,4.0,10.0,0.0,0.0,0.0,2.0,0.0,2.0,,,,,,,,,
667826.0,1,6678.0,13.0,Yamananagar,Haryana,30.200000000000003,77.4,12.545266,0.0,0.0,0.0,0.0,0.0,0.0,1.0,0.0,0.0,0.0,6,2806.3606,0.0,,,,0.0,0.0,0.0,9.0,0.0,9.0,,,,,,,,,,0.0,0.0,0.0,,,
667830.0,1,6678.0,13.0,Yamananagar,Haryana,30.200000000000003,77.4,14.265182,5.0,0.0,5.0,0.0,5.0,5.0,1.0,0.0,0.0,0.0,5,2806.3606,0.0,,,,0.0,0.0,0.0,,,,0.0,5.0,5.0,,,,,,,0.0,10.0,10.0,,,
667831.0,1,6678.0,13.0,Yamananagar,Haryana,30.200000000000003,77.4,14.487759,3.0,0.0,10.0,0.0,3.0,10.0,1.0,0.0,0.0,0.0,8,2806.3606,0.0,,,,0.0,0.0,0.0,9.0,3.0,12.0,,,,,,,,,,0.0,10.0,10.0,,,
